date,time,latitude,longitude,ozone,pm
6/4/2015,0:0:36.0,38.4342447917,-78.8620768229,186,5753.34
6/4/2015,0:0:38.0,38.4342529297,-78.8620361328,220,30058.57
6/4/2015,0:0:41.0,38.4342285156,-78.8619954427,157,490.17
6/4/2015,0:0:43.0,38.4342285156,-78.8619628906,64,12766.58
6/4/2015,0:0:45.0,38.4342285156,-78.8619222005,75,15248.52
6/4/2015,0:0:48.0,38.4342203776,-78.8618733724,277,2578.31
6/4/2015,0:0:50.0,38.4342122396,-78.8618408203,0,369.49
6/4/2015,0:0:52.0,38.4343383789,-78.8617350260,270,15106.11
6/4/2015,0:0:54.0,38.4343587240,-78.8616943359,324,16034.14
6/4/2015,0:0:57.0,38.4343668620,-78.8616455078,259,16894.37
6/4/2015,0:0:59.0,38.4343627930,-78.8616129557,146,17652.11
6/4/2015,0:1:1.0,38.4343668620,-78.8615885417,498,3330.64
6/4/2015,0:1:4.0,38.4343668620,-78.8615397135,338,1444.73
6/4/2015,0:1:6.0,38.4343627930,-78.8615152995,283,13901.64
6/4/2015,0:1:8.0,38.4343627930,-78.8614827474,405,20010.95
6/4/2015,0:1:11.0,38.4343587240,-78.8614176432,127,17683.32
6/4/2015,0:1:13.0,38.4343546549,-78.8613606771,76,19652.21
6/4/2015,0:1:15.0,38.4343465169,-78.8613281250,314,4547.89
6/4/2015,0:1:18.0,38.4343383789,-78.8612630208,302,5214.27
6/4/2015,0:1:20.0,38.4343221029,-78.8612304688,270,16210.68
6/4/2015,0:1:22.0,38.4343017578,-78.8611979167,71,14580.23
6/4/2015,0:1:25.0,38.4342692057,-78.8611490885,338,4323.65
6/4/2015,0:1:27.0,38.4342569987,-78.8611002604,383,24845.74
6/4/2015,0:1:29.0,38.4342569987,-78.8610514323,659,11641.89
6/4/2015,0:1:31.0,38.4342610677,-78.8610107422,444,20897.56
6/4/2015,0:1:34.0,38.4342651367,-78.8609619141,441,19261.28
6/4/2015,0:1:36.0,38.4342651367,-78.8609293620,490,20558.05
6/4/2015,0:1:38.0,38.4342692057,-78.8608968099,448,21562.59
6/4/2015,0:1:41.0,38.4342651367,-78.8608398438,514,4546.13
6/4/2015,0:1:43.0,38.4342692057,-78.8607828776,615,34216.51
6/4/2015,0:1:45.0,38.4342814128,-78.8607503255,855,22878
6/4/2015,0:1:48.0,38.4342976888,-78.8607014974,696,13360.46
6/4/2015,0:1:50.0,38.4343098958,-78.8606689453,1023,16176.6
6/4/2015,0:1:52.0,38.4343180339,-78.8606282552,603,40644.21
6/4/2015,0:1:55.0,38.4343302409,-78.8605794271,292,7870.89
6/4/2015,0:1:57.0,38.4343302409,-78.8605387370,753,22856.38
6/4/2015,0:1:59.0,38.4343302409,-78.8605061849,307,1134.62
6/4/2015,0:2:2.0,38.4343261719,-78.8604410807,581,22633.34
6/4/2015,0:2:4.0,38.4343261719,-78.8604085286,703,33198.72
5/4/2015,23:3:34.0,38.4324910482,-78.8637858073,91,0.62
5/4/2015,23:3:36.0,38.4325032552,-78.8638264974,71,6760.5
5/4/2015,23:3:38.0,38.4326090495,-78.8638102214,188,0.62
5/4/2015,23:3:40.984,38.4326293945,-78.8637939453,235,0.62
5/4/2015,23:3:43.0,38.4326456706,-78.8638183594,232,0.62
5/4/2015,23:3:44.984,38.4326538086,-78.8638346354,150,0.62
5/4/2015,23:3:47.0,38.4326619466,-78.8638590495,283,35086.98
5/4/2015,23:3:50.0,38.4326660156,-78.8638916016,127,44613.91
5/4/2015,23:3:52.0,38.4326619466,-78.8639241536,155,24002.94
5/4/2015,23:3:54.0,38.4326700846,-78.8639485677,216,2526.91
5/4/2015,23:3:56.0,38.4326700846,-78.8639729818,130,0.62
5/4/2015,23:3:59.0,38.4326782227,-78.8640136719,155,1703.31
5/4/2015,23:4:0.984,38.4326782227,-78.8640462240,205,0.62
5/4/2015,23:4:4.0,38.4339680990,-78.8644694010,168,0.62
5/4/2015,23:4:6.0,38.4343058268,-78.8646321615,188,0.62
5/4/2015,23:4:8.0,38.4343180339,-78.8646647135,150,32904.85
5/4/2015,23:4:11.0,38.4343180339,-78.8646647135,281,16400.66
5/4/2015,23:4:12.984,38.4344034831,-78.8647216797,471,33543.12
5/4/2015,23:4:15.0,38.4344156901,-78.8647298177,311,30042.59
5/4/2015,23:4:16.984,38.4344238281,-78.8647298177,407,26236.22
5/4/2015,23:4:20.0,38.4344278971,-78.8646728516,296,0.62
5/4/2015,23:4:22.0,38.4344034831,-78.8646647135,327,0.62
5/4/2015,23:4:24.0,38.4343790690,-78.8646647135,317,0.62
5/4/2015,23:4:27.0,38.4343343099,-78.8646484375,351,1575.83
5/4/2015,23:4:28.984,38.4342976888,-78.8646484375,120,0.62
5/4/2015,23:4:31.0,38.4342610677,-78.8646402995,412,0.62
5/4/2015,23:4:34.0,38.4342081706,-78.8646240234,250,6047.87
5/4/2015,23:4:36.0,38.4341796875,-78.8646077474,306,2761.49
5/4/2015,23:4:38.0,38.4341512044,-78.8645996094,269,38488.72
5/4/2015,23:4:40.984,38.4341064453,-78.8645751953,113,17591.99
5/4/2015,23:4:43.0,38.4340738932,-78.8645589193,120,38642.01
5/4/2015,23:4:44.984,38.4340413411,-78.8645345052,101,18557.12
5/4/2015,23:4:48.0,38.4339965820,-78.8645019531,241,20248.47
5/4/2015,23:4:50.0,38.4339680990,-78.8644775391,72,30739.38
5/4/2015,23:4:52.0,38.4339355469,-78.8644612630,187,5723.23
5/4/2015,23:4:54.0,38.4339070638,-78.8644449870,264,94549.41
5/4/2015,23:4:56.984,38.4338623047,-78.8644124349,37,33587.29
5/4/2015,23:4:59.0,38.4338338216,-78.8643880208,366,0.62
5/4/2015,23:5:0.984,38.4338094076,-78.8643554688,30,41987.39
5/4/2015,23:5:4.0,38.4337687174,-78.8643147786,296,51017.14
5/4/2015,23:5:6.0,38.4337443034,-78.8642822266,229,9569.18
5/4/2015,23:5:8.0,38.4337158203,-78.8642496745,449,10738.74
5/4/2015,23:5:11.0,38.4336791992,-78.8642089844,0,0.62
5/4/2015,23:5:12.984,38.4336588542,-78.8641764323,298,9415.19
5/4/2015,23:5:15.0,38.4336425781,-78.8641438802,219,0.62
5/4/2015,23:5:18.0,38.4336181641,-78.8640950521,332,3218.16
5/4/2015,23:5:20.0,38.4335978190,-78.8640706380,200,18404.64
5/4/2015,23:5:22.0,38.4335652669,-78.8639485677,308,19083.74
5/4/2015,23:5:24.984,38.4335367839,-78.8638346354,273,20957.55
5/4/2015,23:5:27.0,38.4335205078,-78.8637939453,194,11664.1
5/4/2015,23:5:28.984,38.4335083008,-78.8637532552,228,24956.52
5/4/2015,23:5:31.0,38.4334879557,-78.8637207031,381,20972.94
5/4/2015,23:5:34.0,38.4334676107,-78.8636800130,213,22531.39
5/4/2015,23:5:36.0,38.4334554036,-78.8636474609,107,25062.16
5/4/2015,23:5:38.0,38.4334472656,-78.8636149089,136,21415.41
5/4/2015,23:5:40.984,38.4334350586,-78.8635579427,27,25957.08
5/4/2015,23:5:43.0,38.4334269206,-78.8635253906,61,19963.26
5/4/2015,23:5:44.984,38.4334228516,-78.8634847005,229,16595.25
5/4/2015,23:5:48.0,38.4334147135,-78.8634277344,165,21796.51
5/4/2015,23:5:50.0,38.4334147135,-78.8633951823,174,21040.82
5/4/2015,23:5:52.0,38.4334147135,-78.8633544922,35,19123.16
5/4/2015,23:5:55.0,38.4334106445,-78.8632975260,278,28311.76
5/4/2015,23:5:56.984,38.4334065755,-78.8632649740,376,17611.85
5/4/2015,23:5:59.0,38.4334106445,-78.8632242839,519,9831.51
5/4/2015,23:6:2.0,38.4334187826,-78.8631673177,0,1704.9
5/4/2015,23:6:4.0,38.4334269206,-78.8631266276,0,17296.31
5/4/2015,23:6:6.0,38.4334309896,-78.8630940755,365,24876.47
5/4/2015,23:6:8.0,38.4334391276,-78.8630533854,49,19484.26
5/4/2015,23:6:11.0,38.4334513346,-78.8629964193,168,15706.14
5/4/2015,23:6:12.984,38.4334594727,-78.8629638672,408,16721.47
5/4/2015,23:6:15.0,38.4334635417,-78.8629231771,200,13650.99
5/4/2015,23:6:18.0,38.4334716797,-78.8628662109,229,36903
5/4/2015,23:6:20.0,38.4334757487,-78.8628336589,347,20383.78
5/4/2015,23:6:22.0,38.4334798177,-78.8627929688,114,18607.46
5/4/2015,23:6:24.984,38.4334920247,-78.8627441406,224,25099.28
5/4/2015,23:6:27.0,38.4334960938,-78.8627034505,0,18982.07
5/4/2015,23:6:28.984,38.4335083008,-78.8626708984,189,13944.62
5/4/2015,23:6:32.0,38.4335245768,-78.8626139323,500,10241.38
5/4/2015,23:6:34.0,38.4335327148,-78.8625813802,562,12065.56
5/4/2015,23:6:36.0,38.4335449219,-78.8625488281,379,6236.96
5/4/2015,23:6:38.0,38.4335611979,-78.8625162760,283,14206.93
5/4/2015,23:6:40.984,38.4335856120,-78.8624593099,323,15801.73
5/4/2015,23:6:43.0,38.4336059570,-78.8624267578,90,18795.91
5/4/2015,23:6:44.984,38.4336303711,-78.8624023438,60,15800.96
5/4/2015,23:6:48.0,38.4336588542,-78.8623535156,54,14968.44
5/4/2015,23:6:50.0,38.4336832682,-78.8623209635,115,12741.22
5/4/2015,23:6:52.0,38.4337076823,-78.8622965495,348,30848.25
5/4/2015,23:6:55.0,38.4337402344,-78.8622639974,299,360.81
5/4/2015,23:6:56.984,38.4337687174,-78.8622477214,250,17705.77
5/4/2015,23:6:59.0,38.4338012695,-78.8622314453,172,18539.6
5/4/2015,23:7:2.0,38.4338378906,-78.8622233073,145,24594.16
5/4/2015,23:7:4.0,38.4338582357,-78.8622233073,186,7946.7
5/4/2015,23:7:6.0,38.4338704427,-78.8622070312,232,12903.22
5/4/2015,23:7:8.984,38.4338867188,-78.8621988932,203,7709.61
3/4/2015,19:31:24.0,38.4411376953,-78.8701497396,36,38
3/4/2015,19:31:26.203,38.4411539714,-78.8701253255,61,10898.18
3/4/2015,19:31:28.0,38.4411702474,-78.8701253255,38,27.75
3/4/2015,19:31:30.0,38.4411987305,-78.8700927734,133,1247.3
3/4/2015,19:31:32.203,38.4413289388,-78.8700520833,132,7859.6
3/4/2015,19:31:35.0,38.4413981120,-78.8700113932,124,2411.85
3/4/2015,19:31:36.984,38.4414225260,-78.8699951172,136,965.06
3/4/2015,19:31:40.0,38.4415527344,-78.8699788411,130,2812.73
3/4/2015,19:31:42.0,38.4416137695,-78.8699218750,136,0.62
3/4/2015,19:31:46.0,38.4416300456,-78.8698079427,136,0.62
3/4/2015,19:31:48.984,38.4416463216,-78.8696858724,133,0.62
3/4/2015,19:31:50.203,38.4416503906,-78.8696207682,136,0.62
3/4/2015,19:31:52.984,38.4416625977,-78.8695556641,136,0.62
3/4/2015,19:31:58.0,38.4408691406,-78.8720377604,146,0.62
3/4/2015,19:32:0.0,38.4406331380,-78.8725992839,170,3802.79
3/4/2015,19:32:3.0,38.4408162435,-78.8729736328,152,11711.72
3/4/2015,19:32:4.984,38.4408691406,-78.8730712891,146,6412.55
3/4/2015,19:32:7.0,38.4407958984,-78.8729573568,162,2564.84
3/4/2015,19:32:10.0,38.4402669271,-78.8721761068,142,11977.98
3/4/2015,19:32:12.0,38.4401367188,-78.8719970703,157,4084.86
3/4/2015,19:32:14.0,38.4399861654,-78.8717773438,147,11888.26
3/4/2015,19:32:16.0,38.4398722331,-78.8716227214,154,2252.28
3/4/2015,19:32:19.0,38.4397420247,-78.8714680990,147,2352.36
3/4/2015,19:32:20.984,38.4395222982,-78.8712972005,147,13018.66
3/4/2015,19:32:23.0,38.4392049154,-78.8710693359,120,1878.82
3/4/2015,19:32:26.0,38.4391601562,-78.8709472656,121,3384.04
3/4/2015,19:32:28.0,38.4391886393,-78.8708658854,152,6564.42
3/4/2015,19:32:30.0,38.4391805013,-78.8708089193,166,17615.38
3/4/2015,19:32:32.984,38.4391520182,-78.8707682292,157,6753.12
3/4/2015,19:32:35.0,38.4391276042,-78.8707682292,147,12959.38
3/4/2015,19:32:36.984,38.4391113281,-78.8707356771,150,9397.47
3/4/2015,19:32:40.0,38.4390665690,-78.8706949870,144,14647.87
3/4/2015,19:32:42.0,38.4390625000,-78.8706868490,154,8350.24
3/4/2015,19:32:44.0,38.4390543620,-78.8706542969,154,340.11
3/4/2015,19:32:46.0,38.4390543620,-78.8706217448,145,1429
3/4/2015,19:32:48.984,38.4390299479,-78.8705729167,159,4666.71
3/4/2015,19:32:51.0,38.4390218099,-78.8705566406,146,2348.61
3/4/2015,19:32:52.984,38.4390055339,-78.8705403646,134,9308.91
3/4/2015,19:32:56.0,38.4389648438,-78.8705078125,158,2614.87
3/4/2015,19:32:58.0,38.4389444987,-78.8704752604,193,3822.48
3/4/2015,19:33:0.0,38.4389160156,-78.8704671224,249,16044.16
3/4/2015,19:33:3.0,38.4388916016,-78.8704345703,219,2346.4
3/4/2015,19:33:4.984,38.4388712565,-78.8703938802,178,0.62
3/4/2015,19:33:7.0,38.4388468424,-78.8703613281,164,0.62
3/4/2015,19:33:10.0,38.4388264974,-78.8703206380,153,0.62
3/4/2015,19:33:12.0,38.4388102214,-78.8703043620,154,5945.34
3/4/2015,19:33:14.0,38.4387858073,-78.8702799479,153,32215.59
3/4/2015,19:33:16.0,38.4387736003,-78.8702555339,146,7074.22
3/4/2015,19:33:19.0,38.4387451172,-78.8702148438,152,8807.1
3/4/2015,19:33:20.984,38.4387369792,-78.8701985677,149,10058.45
3/4/2015,19:33:23.0,38.4387247721,-78.8701741536,146,0.62
3/4/2015,19:33:26.0,38.4386881510,-78.8701253255,143,0.62
3/4/2015,19:33:28.0,38.4386678060,-78.8700927734,148,0.62
3/4/2015,19:33:30.0,38.4386515299,-78.8700764974,146,15894.97
3/4/2015,19:33:32.984,38.4386067708,-78.8700520833,148,2828.71
3/4/2015,19:33:35.0,38.4385782878,-78.8700358073,156,12315.18
3/4/2015,19:33:36.984,38.4385538737,-78.8700113932,156,0.72
3/4/2015,19:33:39.0,38.4385375977,-78.8700032552,151,1855.64
3/4/2015,19:33:42.0,38.4385213216,-78.8699544271,169,10953.04
3/4/2015,19:33:44.0,38.4385131836,-78.8699218750,154,0.62
3/4/2015,19:33:46.0,38.4384969076,-78.8698811849,155,33056.57
3/4/2015,19:33:48.984,38.4384602865,-78.8698404948,150,10569.16
3/4/2015,19:33:51.0,38.4384399414,-78.8698242188,154,1407.31
3/4/2015,19:33:52.984,38.4384236654,-78.8698079427,151,5633.44
3/4/2015,19:33:56.0,38.4383870443,-78.8697916667,152,5802.95
3/4/2015,19:33:58.0,38.4383585612,-78.8697753906,154,54719.19
3/4/2015,19:34:0.0,38.4383422852,-78.8697672526,153,12309.55
3/4/2015,19:34:3.0,38.4383015951,-78.8697672526,147,3789.2
3/4/2015,19:34:4.984,38.4382649740,-78.8697672526,168,3423.37
3/4/2015,19:34:7.0,38.4382405599,-78.8697591146,172,10534.73
3/4/2015,19:34:8.984,38.4382202148,-78.8697591146,172,2.23
3/4/2015,19:34:12.0,38.4381835938,-78.8697753906,204,8990.95
3/4/2015,19:34:14.0,38.4381591797,-78.8697753906,219,1374.6
3/4/2015,19:34:16.0,38.4381469727,-78.8697835286,218,12351.04
3/4/2015,19:34:19.0,38.4381266276,-78.8697998047,218,7593.86
3/4/2015,19:34:20.984,38.4381062826,-78.8697998047,189,0.62
3/4/2015,19:34:23.0,38.4380900065,-78.8697835286,173,0.62
3/4/2015,19:34:26.0,38.4380615234,-78.8697916667,222,6055.72
3/4/2015,19:34:28.0,38.4380411784,-78.8697998047,166,0.62
3/4/2015,19:34:30.0,38.4380086263,-78.8697753906,807,4506.93
3/4/2015,19:34:32.0,38.4379964193,-78.8697509766,188,41303.64
3/4/2015,19:34:34.0,38.4379801432,-78.8697509766,181,18407.76
3/4/2015,19:34:36.984,38.4379597982,-78.8697184245,178,0.62
3/4/2015,19:34:39.0,38.4379191081,-78.8696858724,166,3298.15
3/4/2015,19:34:40.984,38.4378865560,-78.8696695964,173,0.62
3/4/2015,19:34:44.0,38.4378458659,-78.8696533203,166,0.62
3/4/2015,19:34:46.0,38.4378173828,-78.8696451823,167,0.62
3/4/2015,19:34:48.0,38.4377929688,-78.8696370443,161,8.78
3/4/2015,19:34:51.0,38.4377522786,-78.8696289062,178,7396.35
3/4/2015,19:34:52.984,38.4377319336,-78.8696044922,184,4991.94
3/4/2015,19:34:55.0,38.4377156576,-78.8695882161,188,8466.3
3/4/2015,19:34:56.984,38.4376953125,-78.8695882161,196,185.72
3/4/2015,19:35:0.0,38.4376708984,-78.8695638021,208,3386.39
3/4/2015,19:35:2.0,38.4376546224,-78.8695556641,204,1090.46
3/4/2015,19:35:4.0,38.4376342773,-78.8695393880,205,2648.03
3/4/2015,19:35:7.0,38.4375854492,-78.8695312500,229,0.62
3/4/2015,19:35:8.984,38.4375651042,-78.8695231120,235,18697
3/4/2015,19:35:11.0,38.4375488281,-78.8695149740,232,3004.07
3/4/2015,19:35:12.984,38.4375325521,-78.8695068359,209,12055.73
3/4/2015,19:35:16.0,38.4374918620,-78.8694986979,182,14891.98
3/4/2015,19:35:18.0,38.4374715169,-78.8694905599,211,2060.52
3/4/2015,19:35:20.0,38.4374552409,-78.8694824219,205,4716.77
3/4/2015,19:35:23.0,38.4374145508,-78.8694661458,246,2097.87
3/4/2015,19:35:24.984,38.4373901367,-78.8694742839,269,0.62
3/4/2015,19:35:27.0,38.4373657227,-78.8694824219,226,0.62
3/4/2015,19:35:28.984,38.4373575846,-78.8695068359,229,0.62
3/4/2015,19:35:32.0,38.4373494466,-78.8695556641,222,24212.83
3/4/2015,19:35:34.0,38.4373291016,-78.8695719401,229,3134.97
3/4/2015,19:35:36.0,38.4373087565,-78.8695882161,222,5401.06
3/4/2015,19:35:39.0,38.4373168945,-78.8696289062,221,5540.11
3/4/2015,19:35:40.984,38.4373087565,-78.8696614583,215,5308.25
3/4/2015,19:35:43.0,38.4372965495,-78.8696940104,192,41426.45
3/4/2015,19:35:46.0,38.4373046875,-78.8697428385,199,14660.58
3/4/2015,19:35:48.0,38.4373006185,-78.8697672526,185,2093.15
3/4/2015,19:35:50.0,38.4372721354,-78.8697753906,216,151.33
3/4/2015,19:35:52.0,38.4372395833,-78.8697835286,207,3091.85
3/4/2015,19:35:55.0,38.4371948242,-78.8698242188,192,2012.95
3/4/2015,19:35:56.984,38.4371704102,-78.8698404948,183,9150.03
3/4/2015,19:35:59.0,38.4371419271,-78.8698649089,243,19.75
3/4/2015,19:36:2.0,38.4371093750,-78.8699055990,227,80.56
3/4/2015,19:36:4.0,38.4370768229,-78.8699462891,209,0.62
3/4/2015,19:36:6.0,38.4370483398,-78.8699707031,225,15123.16
3/4/2015,19:36:8.0,38.4370320638,-78.8699462891,216,37264.69
3/4/2015,19:36:11.0,38.4370117188,-78.8699055990,214,5674.61
3/4/2015,19:36:12.984,38.4369954427,-78.8698730469,201,0.62
3/4/2015,19:36:15.0,38.4369750977,-78.8698649089,199,0.62
3/4/2015,19:36:18.0,38.4369344076,-78.8698404948,189,0.62
3/4/2015,19:36:20.0,38.4369018555,-78.8698323568,194,35837.86
3/4/2015,19:36:22.0,38.4368774414,-78.8698323568,202,11691.52
3/4/2015,19:36:24.984,38.4368448893,-78.8698404948,215,29068.76
3/4/2015,19:36:27.0,38.4368082682,-78.8698404948,220,3110.4
3/4/2015,19:36:28.984,38.4367757161,-78.8698323568,212,0.62
3/4/2015,19:36:31.0,38.4367350260,-78.8698323568,209,16537.45
3/4/2015,19:36:34.0,38.4366861979,-78.8698323568,206,0.62
3/4/2015,19:36:36.0,38.4366617839,-78.8698404948,254,73764.9
3/4/2015,19:36:38.0,38.4366373698,-78.8698486328,257,19372.07
3/4/2015,19:36:40.984,38.4366007487,-78.8698486328,237,5270.21
3/4/2015,19:36:43.0,38.4365681966,-78.8698649089,220,0.62
3/4/2015,19:36:44.984,38.4365397135,-78.8698649089,210,14411.18
3/4/2015,19:36:47.0,38.4365152995,-78.8698730469,219,5454.58
3/4/2015,19:36:50.0,38.4364868164,-78.8698811849,218,61758.71
3/4/2015,19:36:52.0,38.4364664714,-78.8698811849,251,2076.99
3/4/2015,19:36:54.0,38.4364501953,-78.8698730469,244,8205.72
3/4/2015,19:36:56.984,38.4364135742,-78.8698811849,283,0.62
3/4/2015,19:36:59.0,38.4363891602,-78.8698811849,274,6285.91
3/4/2015,19:37:2.0,38.4363403320,-78.8698974609,271,0.62
3/4/2015,19:37:4.0,38.4363159180,-78.8698974609,286,995.28
3/4/2015,19:37:6.0,38.4362915039,-78.8699055990,215,1884.33
3/4/2015,19:37:8.0,38.4362670898,-78.8699137370,237,2241.76
3/4/2015,19:37:11.0,38.4362223307,-78.8699137370,189,3819.53
3/4/2015,19:37:12.984,38.4361938477,-78.8699137370,202,2388.3
3/4/2015,19:37:15.0,38.4361694336,-78.8699137370,203,22800.06
3/4/2015,19:37:16.984,38.4361368815,-78.8699137370,191,326.73
3/4/2015,19:37:20.0,38.4360961914,-78.8699218750,207,21515.6
3/4/2015,19:37:22.0,38.4360677083,-78.8699137370,202,0.62
3/4/2015,19:37:24.0,38.4360392253,-78.8699137370,187,12750.67
3/4/2015,19:37:27.0,38.4360026042,-78.8699218750,190,0.62
3/4/2015,19:37:28.984,38.4359781901,-78.8699300130,209,8257.56
3/4/2015,19:37:31.0,38.4359537760,-78.8699300130,213,0.62
3/4/2015,19:37:32.984,38.4359334310,-78.8699300130,187,3026.61
3/4/2015,19:37:36.0,38.4359130859,-78.8699462891,176,26669.99
3/4/2015,19:37:38.0,38.4358927409,-78.8699462891,173,28713.83
3/4/2015,19:37:40.0,38.4358683268,-78.8699462891,200,0.62
3/4/2015,19:37:43.0,38.4358398438,-78.8699381510,96,2808.09
3/4/2015,19:37:44.984,38.4358154297,-78.8699462891,177,19429.19
3/4/2015,19:37:47.0,38.4357910156,-78.8699544271,191,12417.09
3/4/2015,19:37:50.0,38.4357666016,-78.8699707031,181,0.62
3/4/2015,19:37:52.0,38.4357503255,-78.8699707031,199,4517.09
3/4/2015,19:37:54.0,38.4357381185,-78.8699788411,185,11171.81
3/4/2015,19:37:56.0,38.4357218424,-78.8699869792,190,12775.52
3/4/2015,19:37:59.0,38.4356852214,-78.8699951172,205,15069.52
3/4/2015,19:38:0.984,38.4356648763,-78.8699951172,210,4854.69
3/4/2015,19:38:3.0,38.4356363932,-78.8699951172,211,9199.16
3/4/2015,19:38:6.0,38.4355957031,-78.8699951172,200,0.62
3/4/2015,19:38:8.0,38.4355672201,-78.8699951172,221,2556.2
3/4/2015,19:38:10.0,38.4355346680,-78.8699951172,206,0.62
3/4/2015,19:38:12.0,38.4355021159,-78.8700032552,196,0.62
3/4/2015,19:38:15.0,38.4354695638,-78.8700032552,227,2346.29
3/4/2015,19:38:16.984,38.4354451497,-78.8700032552,207,12406.66
3/4/2015,19:38:19.0,38.4354125977,-78.8700113932,229,4752.54
3/4/2015,19:38:22.0,38.4353597005,-78.8700113932,209,2917.88
3/4/2015,19:38:24.0,38.4353271484,-78.8700113932,109,13378.84
3/4/2015,19:38:26.0,38.4352986654,-78.8700113932,171,11724.16
3/4/2015,19:38:28.0,38.4352661133,-78.8700113932,174,121089.64
3/4/2015,19:38:31.0,38.4352213542,-78.8700195312,220,12414
3/4/2015,19:38:32.984,38.4351928711,-78.8700113932,195,0.62
3/4/2015,19:38:35.0,38.4351684570,-78.8700195312,195,2953.62
3/4/2015,19:38:38.0,38.4351318359,-78.8700276693,189,4800.26
3/4/2015,19:38:40.0,38.4351114909,-78.8700439453,174,5508.99
3/4/2015,19:38:42.0,38.4350952148,-78.8700520833,225,0.62
3/4/2015,19:38:44.984,38.4350545247,-78.8700520833,225,1906.69
3/4/2015,19:38:47.0,38.4350260417,-78.8700602214,238,10718.54
3/4/2015,19:38:48.984,38.4349975586,-78.8700602214,267,2365.07
3/4/2015,19:38:51.0,38.4349812826,-78.8700602214,257,18536.46
3/4/2015,19:38:54.0,38.4349487305,-78.8700520833,247,10267.95
3/4/2015,19:38:56.0,38.4349243164,-78.8700439453,245,0.62
3/4/2015,19:38:58.0,38.4349080404,-78.8700358073,209,0.62
3/4/2015,19:39:0.984,38.4348999023,-78.8700439453,239,0.62
3/4/2015,19:39:3.0,38.4348958333,-78.8700520833,220,0.62
3/4/2015,19:39:4.984,38.4348999023,-78.8700520833,227,0.62
3/4/2015,19:39:7.0,38.4348917643,-78.8700520833,208,0.62
3/4/2015,19:39:10.0,38.4348958333,-78.8700520833,154,0.62
3/4/2015,19:39:12.0,38.4348917643,-78.8700520833,189,13333.26
3/4/2015,19:39:14.0,38.4348917643,-78.8700602214,209,5933.86
3/4/2015,19:39:16.984,38.4348917643,-78.8700602214,228,24355.57
3/4/2015,19:39:19.0,38.4348958333,-78.8700602214,225,0.62
3/4/2015,19:39:20.984,38.4348999023,-78.8700602214,239,29900.23
3/4/2015,19:39:23.0,38.4348999023,-78.8700683594,212,11476.34
3/4/2015,19:39:26.0,38.4348999023,-78.8700683594,291,0.62
3/4/2015,19:39:28.0,38.4348999023,-78.8700683594,197,6107.21
3/4/2015,19:39:30.0,38.4348958333,-78.8700683594,0,26604.47
3/4/2015,19:39:32.984,38.4348958333,-78.8700683594,237,0.62
3/4/2015,19:39:35.0,38.4348917643,-78.8700683594,579,9941.4
3/4/2015,19:39:36.984,38.4348917643,-78.8700683594,201,0.62
3/4/2015,19:39:40.0,38.4348917643,-78.8700683594,226,0.62
3/4/2015,19:39:42.0,38.4348917643,-78.8700683594,197,0.62
3/4/2015,19:39:44.0,38.4348917643,-78.8700683594,251,0.62
3/4/2015,19:39:46.0,38.4348795573,-78.8700683594,225,0.62
3/4/2015,19:39:48.984,38.4348347982,-78.8700846354,277,8310.39
3/4/2015,19:39:51.0,38.4348063151,-78.8701009115,226,2589.83
3/4/2015,19:39:52.984,38.4347778320,-78.8701090495,229,7245.81
3/4/2015,19:39:56.0,38.4347452799,-78.8701171875,244,11514.25
3/4/2015,19:39:58.0,38.4347167969,-78.8701171875,258,2317.67
3/4/2015,19:40:0.0,38.4346923828,-78.8701253255,247,21005.12
3/4/2015,19:40:3.0,38.4346598307,-78.8701171875,264,0.62
3/4/2015,19:40:4.984,38.4346354167,-78.8701334635,246,0.62
3/4/2015,19:40:7.0,38.4346191406,-78.8701416016,252,5472.34
3/4/2015,19:40:8.984,38.4345906576,-78.8701578776,257,131715.9
3/4/2015,19:40:12.0,38.4345540365,-78.8701660156,282,0.62
3/4/2015,19:40:14.0,38.4345296224,-78.8701578776,161,0.62
3/4/2015,19:40:16.0,38.4345092773,-78.8701416016,279,5472.64
3/4/2015,19:40:19.0,38.4344726562,-78.8701334635,254,11493.82
3/4/2015,19:40:20.984,38.4344482422,-78.8701334635,332,0.62
3/4/2015,19:40:23.0,38.4344238281,-78.8701171875,246,0.62
3/4/2015,19:40:24.984,38.4344116211,-78.8700927734,239,2238.31
3/4/2015,19:40:28.0,38.4344034831,-78.8700602214,238,14158.92
3/4/2015,19:40:30.0,38.4343872070,-78.8700276693,225,6365.59
3/4/2015,19:40:32.0,38.4343750000,-78.8700113932,212,59073.36
3/4/2015,19:40:35.0,38.4343709310,-78.8699625651,224,4956.08
3/4/2015,19:40:36.984,38.4343750000,-78.8699218750,228,3500.46
3/4/2015,19:40:39.0,38.4343750000,-78.8698893229,149,0.62
3/4/2015,19:40:40.984,38.4343831380,-78.8698567708,183,0.62
3/4/2015,19:40:44.0,38.4343953451,-78.8698079427,186,10822.82
3/4/2015,19:40:46.0,38.4343953451,-78.8697753906,182,22299.08
3/4/2015,19:40:48.0,38.4344034831,-78.8697347005,246,14081.11
3/4/2015,19:40:51.0,38.4344116211,-78.8696777344,203,27179.45
3/4/2015,19:40:52.984,38.4344156901,-78.8696533203,224,33661.1
3/4/2015,19:40:55.0,38.4344278971,-78.8696289062,149,1594.88
3/4/2015,19:40:58.0,38.4344401042,-78.8695882161,233,0.62
3/4/2015,19:41:0.0,38.4344401042,-78.8695638021,247,3086.23
3/4/2015,19:41:2.0,38.4344401042,-78.8695393880,259,0.62
3/4/2015,19:41:4.0,38.4344360352,-78.8695149740,254,21070.38
3/4/2015,19:41:7.0,38.4344319661,-78.8694661458,280,2241.92
3/4/2015,19:41:8.984,38.4344197591,-78.8694335938,186,5438.48
3/4/2015,19:41:11.0,38.4344156901,-78.8694091797,214,570.41
3/4/2015,19:41:14.0,38.4344075521,-78.8693684896,222,6388.72
3/4/2015,19:41:16.0,38.4344034831,-78.8693359375,191,11238.32
3/4/2015,19:41:18.0,38.4343953451,-78.8693033854,228,0.62
3/4/2015,19:41:20.984,38.4343750000,-78.8692545573,207,0.62
3/4/2015,19:41:23.0,38.4343668620,-78.8692301432,211,0.62
3/4/2015,19:41:24.984,38.4343587240,-78.8692057292,206,0.62
3/4/2015,19:41:27.0,38.4343505859,-78.8691731771,214,0.62
3/4/2015,19:41:30.0,38.4343383789,-78.8691406250,189,2188.87
3/4/2015,19:41:32.0,38.4343302409,-78.8691080729,196,0.62
3/4/2015,19:41:34.0,38.4343221029,-78.8690836589,224,0.62
3/4/2015,19:41:36.984,38.4343098958,-78.8690511068,215,0.62
3/4/2015,19:41:39.0,38.4343098958,-78.8690348307,226,0.62
3/4/2015,19:41:40.984,38.4343098958,-78.8690185547,227,0.62
3/4/2015,19:41:44.0,38.4343343099,-78.8690022786,247,0.62
3/4/2015,19:41:46.0,38.4343424479,-78.8689860026,221,8281.21
3/4/2015,19:41:52.0,38.4340576172,-78.8690917969,235,886.48
3/4/2015,19:41:55.0,38.4339721680,-78.8690022786,214,1343.86
3/4/2015,19:41:56.984,38.4339233398,-78.8689371745,227,5911.26
3/4/2015,19:41:59.0,38.4339029948,-78.8689208984,193,10665.12
3/4/2015,19:42:2.0,38.4338541667,-78.8688802083,174,13082.3
3/4/2015,19:42:4.0,38.4338256836,-78.8688639323,228,3851.35
3/4/2015,19:42:6.0,38.4338012695,-78.8688476562,191,10220.87
3/4/2015,19:42:8.984,38.4337727865,-78.8688069661,233,13615.04
3/4/2015,19:42:11.0,38.4337565104,-78.8687744141,212,2938.8
3/4/2015,19:42:12.984,38.4337443034,-78.8687337240,201,0.62
3/4/2015,19:42:16.0,38.4337402344,-78.8686848958,221,0.62
3/4/2015,19:42:18.0,38.4337483724,-78.8686523438,195,2213.46
3/4/2015,19:42:20.0,38.4337524414,-78.8686279297,205,7553.43
3/4/2015,19:42:22.0,38.4337524414,-78.8685872396,215,4813.91
3/4/2015,19:42:24.984,38.4337483724,-78.8685384115,179,2265.06
3/4/2015,19:42:27.0,38.4337483724,-78.8685058594,202,0.62
3/4/2015,19:42:28.984,38.4337524414,-78.8684733073,212,3193.34
3/4/2015,19:42:32.0,38.4337646484,-78.8684326172,175,10575.44
3/4/2015,19:42:34.0,38.4337727865,-78.8684000651,192,6204.37
3/4/2015,19:42:36.0,38.4337849935,-78.8683675130,184,8625.51
3/4/2015,19:42:38.0,38.4337890625,-78.8683349609,193,7029.26
3/4/2015,19:42:40.984,38.4338053385,-78.8682861328,201,31974.62
3/4/2015,19:42:43.0,38.4338175456,-78.8682617188,173,19734.02
3/4/2015,19:42:44.984,38.4338256836,-78.8682373047,178,1096.58
3/4/2015,19:42:48.0,38.4338297526,-78.8681966146,147,11258.52
3/4/2015,19:42:50.0,38.4338297526,-78.8681722005,184,17033.17
3/4/2015,19:42:52.0,38.4338297526,-78.8681396484,237,38714.24
3/4/2015,19:42:54.0,38.4338419596,-78.8681070964,115,21088.56
3/4/2015,19:42:56.984,38.4338745117,-78.8680664062,144,0.62
3/4/2015,19:42:59.0,38.4338867188,-78.8680419922,238,3953.37
3/4/2015,19:43:0.984,38.4338989258,-78.8680094401,174,0.62
3/4/2015,19:43:4.0,38.4339192708,-78.8679768880,225,18.14
3/4/2015,19:43:6.0,38.4339192708,-78.8679443359,188,2656.79
3/4/2015,19:43:8.0,38.4339233398,-78.8679280599,79,0.62
3/4/2015,19:43:10.0,38.4339314779,-78.8678955078,203,4726.39
3/4/2015,19:43:12.984,38.4339396159,-78.8678466797,275,4452.44
3/4/2015,19:43:15.0,38.4339436849,-78.8678222656,200,1888.41
3/4/2015,19:43:16.984,38.4339436849,-78.8677897135,215,503.07
3/4/2015,19:43:20.0,38.4339640299,-78.8677408854,238,758.86
3/4/2015,19:43:22.0,38.4339762370,-78.8677083333,219,5450.15
3/4/2015,19:43:24.0,38.4339803060,-78.8676757812,223,2386.75
3/4/2015,19:43:27.0,38.4339884440,-78.8676269531,235,3950.06
3/4/2015,19:43:28.984,38.4340047201,-78.8675862630,218,0.83
3/4/2015,19:43:31.0,38.4340250651,-78.8675537109,240,1.19
3/4/2015,19:43:34.0,38.4340413411,-78.8675048828,269,4533.72
3/4/2015,19:43:36.0,38.4340454102,-78.8674723307,249,3415.51
3/4/2015,19:43:38.0,38.4340698242,-78.8674479167,224,1391.55
3/4/2015,19:43:40.984,38.4340942383,-78.8673909505,222,624.35
3/4/2015,19:43:43.0,38.4340942383,-78.8673665365,229,0.62
3/4/2015,19:43:44.984,38.4340901693,-78.8673258464,254,0.62
3/4/2015,19:43:47.0,38.4340779622,-78.8672851562,251,13205.04
3/4/2015,19:43:50.0,38.4340616862,-78.8672363281,253,0.62
3/4/2015,19:43:52.0,38.4340657552,-78.8672037760,233,8325.97
3/4/2015,19:43:54.0,38.4340576172,-78.8671630859,223,15906.32
3/4/2015,19:43:56.984,38.4340494792,-78.8671142578,203,13738.09
3/4/2015,19:43:59.0,38.4340535482,-78.8670898438,249,11067.86
3/4/2015,19:44:0.984,38.4340535482,-78.8670654297,250,35468.83
3/4/2015,19:44:3.0,38.4340535482,-78.8670410156,247,11672.58
3/4/2015,19:44:6.0,38.4340576172,-78.8669921875,228,15384.54
3/4/2015,19:44:8.0,38.4340535482,-78.8669514974,222,11762.93
3/4/2015,19:44:10.0,38.4340576172,-78.8669270833,243,18.5
3/4/2015,19:44:12.984,38.4340576172,-78.8668701172,247,8130.04
3/4/2015,19:44:15.0,38.4340535482,-78.8668457031,265,1134.77
3/4/2015,19:44:16.984,38.4340494792,-78.8668131510,258,0.62
3/4/2015,19:44:19.0,38.4340454102,-78.8667805990,251,65766.1
3/4/2015,19:44:22.0,38.4340454102,-78.8667399089,256,27.55
3/4/2015,19:44:24.0,38.4340372721,-78.8667073568,253,12216.32
3/4/2015,19:44:26.0,38.4340291341,-78.8666748047,269,4498.74
3/4/2015,19:44:28.984,38.4340209961,-78.8666422526,240,2012.47
3/4/2015,19:44:31.0,38.4340047201,-78.8666097005,251,665.34
3/4/2015,19:44:32.984,38.4339884440,-78.8665771484,195,13912.16
3/4/2015,19:44:36.0,38.4339518229,-78.8665364583,195,4021.91
3/4/2015,19:44:38.0,38.4339314779,-78.8664957682,239,6195.38
3/4/2015,19:44:40.0,38.4339111328,-78.8664632161,163,7296.41
3/4/2015,19:44:42.0,38.4338907878,-78.8664306641,243,0.62
3/4/2015,19:44:44.984,38.4338663737,-78.8663899740,249,19.23
3/4/2015,19:44:47.0,38.4338500977,-78.8663574219,222,14448.71
3/4/2015,19:44:48.984,38.4338378906,-78.8663411458,169,9462.18
3/4/2015,19:44:52.0,38.4338297526,-78.8663004557,247,3164.74
3/4/2015,19:44:54.0,38.4338216146,-78.8662760417,250,333.18
3/4/2015,19:44:56.0,38.4338134766,-78.8662516276,190,3744.48
3/4/2015,19:44:58.0,38.4337972005,-78.8662272135,229,2619.94
3/4/2015,19:45:0.984,38.4337727865,-78.8661783854,196,12014.74
3/4/2015,19:45:3.0,38.4337565104,-78.8661539714,196,4489.54
3/4/2015,19:45:4.984,38.4337483724,-78.8661214193,214,16001.45
3/4/2015,19:45:8.0,38.4337361654,-78.8660807292,200,2780.15
3/4/2015,19:45:10.0,38.4337280273,-78.8660644531,214,15816.28
3/4/2015,19:45:12.0,38.4337198893,-78.8660481771,233,1650.32
3/4/2015,19:45:15.0,38.4336995443,-78.8660156250,219,8683.83
3/4/2015,19:45:16.984,38.4336873372,-78.8659830729,260,0.62
3/4/2015,19:45:19.0,38.4336669922,-78.8659586589,257,943.29
3/4/2015,19:45:20.984,38.4336507161,-78.8659261068,228,6336.55
3/4/2015,19:45:24.0,38.4336425781,-78.8658854167,444,4254.86
3/4/2015,19:45:26.0,38.4336385091,-78.8658528646,298,4412.34
3/4/2015,19:45:28.0,38.4336263021,-78.8658203125,290,2766.51
3/4/2015,19:45:31.0,38.4336140951,-78.8657796224,260,36881.05
3/4/2015,19:45:32.984,38.4336018880,-78.8657552083,22,4707.3
3/4/2015,19:45:35.0,38.4335896810,-78.8657226562,151,5708.59
3/4/2015,19:45:36.984,38.4335734049,-78.8656901042,277,4567.41
3/4/2015,19:45:40.0,38.4335611979,-78.8656494141,137,36036.69
3/4/2015,19:45:42.0,38.4335530599,-78.8656168620,184,22924.78
3/4/2015,19:45:44.0,38.4335571289,-78.8655761719,144,2309.97
3/4/2015,19:45:47.0,38.4335530599,-78.8655273438,282,25840.65
3/4/2015,19:45:48.984,38.4335571289,-78.8654947917,184,27569.66
3/4/2015,19:45:51.0,38.4335652669,-78.8654703776,47,8374.76
3/4/2015,19:45:54.0,38.4335693359,-78.8654215495,0,71809.35
3/4/2015,19:45:56.0,38.4335734049,-78.8653889974,0,0.62
3/4/2015,19:45:58.0,38.4335815430,-78.8653645833,684,3975.27
3/4/2015,19:46:0.0,38.4335815430,-78.8653320312,0,13975.44
3/4/2015,19:46:3.0,38.4335815430,-78.8652913411,0,0.62
3/4/2015,19:46:4.984,38.4335856120,-78.8652587891,269,7836.68
3/4/2015,19:46:7.0,38.4335896810,-78.8652262370,365,1994.77
3/4/2015,19:46:10.0,38.4335937500,-78.8651855469,211,4212.81
3/4/2015,19:46:12.0,38.4335937500,-78.8651448568,235,11444.1
3/4/2015,19:46:14.0,38.4335896810,-78.8651204427,0,10872.51
3/4/2015,19:46:16.0,38.4335978190,-78.8650878906,776,39958.73
3/4/2015,19:46:19.0,38.4336059570,-78.8650309245,281,9589.68
3/4/2015,19:46:20.984,38.4336100260,-78.8649983724,196,1715.62
3/4/2015,19:46:23.0,38.4336059570,-78.8649902344,117,4937.31
3/4/2015,19:46:26.0,38.4336018880,-78.8649902344,244,2911.07
3/4/2015,19:46:28.0,38.4336018880,-78.8649902344,223,50544.92
3/4/2015,19:46:30.0,38.4336018880,-78.8649820964,223,17126.52
3/4/2015,19:46:32.984,38.4336018880,-78.8649820964,134,29354.63
3/4/2015,19:46:35.0,38.4336018880,-78.8649820964,250,0.62
3/4/2015,19:46:36.984,38.4336059570,-78.8649739583,264,1241.57
3/4/2015,19:46:39.0,38.4336100260,-78.8649658203,134,0.62
3/4/2015,19:46:42.0,38.4336303711,-78.8649332682,304,0.62
3/4/2015,19:46:44.0,38.4336466471,-78.8649169922,261,6188.39
3/4/2015,19:46:46.0,38.4336507161,-78.8648844401,232,0.62
3/4/2015,19:46:48.984,38.4336547852,-78.8648356120,268,0.62
3/4/2015,19:46:51.0,38.4336669922,-78.8648030599,333,0.62
3/4/2015,19:46:52.984,38.4336791992,-78.8647705078,0,5336.04
3/4/2015,19:46:55.0,38.4336832682,-78.8647542318,266,12044.4
3/4/2015,19:46:58.0,38.4337036133,-78.8647054036,151,6926.95
3/4/2015,19:47:0.0,38.4337198893,-78.8646728516,0,20153.81
3/4/2015,19:47:2.0,38.4337280273,-78.8646402995,152,24578.71
3/4/2015,19:47:4.984,38.4337483724,-78.8646158854,449,694.79
3/4/2015,19:47:7.0,38.4337565104,-78.8645996094,298,51133.99
3/4/2015,19:47:8.984,38.4337646484,-78.8645751953,277,0.62
3/4/2015,19:47:12.0,38.4337768555,-78.8645589193,371,4867.02
3/4/2015,19:47:14.0,38.4337849935,-78.8645426432,258,0.62
3/4/2015,19:47:16.0,38.4337972005,-78.8645345052,268,0.62
3/4/2015,19:47:18.0,38.4338053385,-78.8645100911,291,0.62
3/4/2015,19:47:20.984,38.4338175456,-78.8644938151,266,0.62
3/4/2015,19:47:23.0,38.4338297526,-78.8644775391,242,2556.6
3/4/2015,19:47:24.984,38.4338419596,-78.8644531250,192,0.62
3/4/2015,19:47:28.0,38.4338500977,-78.8644287109,241,0.62
3/4/2015,19:47:30.0,38.4338541667,-78.8644042969,123,0.62
3/4/2015,19:47:32.0,38.4338541667,-78.8643880208,285,1544.85
3/4/2015,19:47:34.0,38.4338623047,-78.8643636068,189,0.62
3/4/2015,19:47:36.984,38.4338704427,-78.8643229167,269,0.62
3/4/2015,19:47:39.0,38.4338745117,-78.8643066406,191,0.62
3/4/2015,19:47:40.984,38.4338745117,-78.8642903646,370,0.62
3/4/2015,19:47:44.0,38.4338867188,-78.8642496745,216,0.62
3/4/2015,19:47:46.0,38.4338907878,-78.8642333984,239,0.62
3/4/2015,19:47:48.0,38.4338948568,-78.8642089844,141,5800.12
3/4/2015,19:47:50.0,38.4339029948,-78.8641927083,306,0.62
3/4/2015,19:47:52.984,38.4339070638,-78.8641764323,259,0.62
3/4/2015,19:47:55.0,38.4339274089,-78.8641601562,384,0.62
3/4/2015,19:47:56.984,38.4339192708,-78.8641438802,303,0.62
3/4/2015,19:48:0.0,38.4339721680,-78.8641113281,365,0.62
3/4/2015,19:48:2.0,38.4340047201,-78.8641031901,353,0.62
3/4/2015,19:48:4.0,38.4340372721,-78.8641113281,412,0.62
3/4/2015,19:48:7.0,38.4340779622,-78.8641113281,417,0.62
3/4/2015,19:48:8.984,38.4341105143,-78.8641113281,175,0.62
3/4/2015,19:48:11.0,38.4341389974,-78.8641276042,207,0.62
3/4/2015,19:48:12.984,38.4341674805,-78.8641194661,298,0.62
3/4/2015,19:48:16.0,38.4342000326,-78.8641194661,115,1545.64
3/4/2015,19:48:18.0,38.4342244466,-78.8641113281,309,0.62
3/4/2015,19:48:20.0,38.4342447917,-78.8641113281,318,0.62
3/4/2015,19:48:22.0,38.4342773438,-78.8641113281,342,0.62
3/4/2015,19:48:24.984,38.4343180339,-78.8641031901,426,0.62
3/4/2015,19:48:27.0,38.4343383789,-78.8640950521,333,0.62
3/4/2015,19:48:28.984,38.4343587240,-78.8640869141,325,0.62
3/4/2015,19:48:32.0,38.4343831380,-78.8640543620,481,0.62
3/4/2015,19:48:34.0,38.4343994141,-78.8640380859,472,0.62
3/4/2015,19:48:36.0,38.4344278971,-78.8640299479,317,3807.68
3/4/2015,19:48:39.0,38.4344523112,-78.8640055339,349,1603.91
3/4/2015,19:48:40.984,38.4344767253,-78.8639892578,280,0.62
3/4/2015,19:48:43.0,38.4344930013,-78.8639648438,307,3735.82
3/4/2015,19:48:44.984,38.4345133464,-78.8639485677,352,4098.98
3/4/2015,19:48:48.0,38.4345499674,-78.8638997396,358,36.79
3/4/2015,19:48:50.0,38.4345703125,-78.8638834635,335,2186.09
3/4/2015,19:48:52.0,38.4345906576,-78.8638509115,359,5572.52
3/4/2015,19:48:55.0,38.4346232096,-78.8638102214,352,3301.92
3/4/2015,19:48:56.984,38.4346435547,-78.8637939453,297,635.28
3/4/2015,19:48:59.0,38.4346598307,-78.8637613932,307,4406.62
3/4/2015,19:49:2.0,38.4346720378,-78.8637125651,311,2598.77
3/4/2015,19:49:4.0,38.4346801758,-78.8636800130,307,3133.21
3/4/2015,19:49:6.0,38.4346923828,-78.8636474609,324,2150.38
3/4/2015,19:49:8.0,38.4347005208,-78.8636067708,385,3774.81
3/4/2015,19:49:11.0,38.4347167969,-78.8635660807,376,5729.31
3/4/2015,19:49:12.984,38.4347330729,-78.8635335286,369,5173.21
3/4/2015,19:49:15.0,38.4347412109,-78.8634928385,372,5384.6
3/4/2015,19:49:18.0,38.4347534180,-78.8634440104,333,3752.58
3/4/2015,19:49:20.0,38.4347534180,-78.8634033203,315,4955.72
3/4/2015,19:49:22.0,38.4347615560,-78.8633626302,309,2002.7
3/4/2015,19:49:24.984,38.4347615560,-78.8633138021,304,11242.02
3/4/2015,19:49:27.0,38.4347615560,-78.8632812500,257,3774.56
3/4/2015,19:49:28.984,38.4347615560,-78.8632486979,269,3325.79
3/4/2015,19:49:31.0,38.4347615560,-78.8632161458,305,24211.54
3/4/2015,19:49:34.0,38.4347534180,-78.8631754557,309,11008.46
3/4/2015,19:49:36.0,38.4347452799,-78.8631429036,287,3389.64
3/4/2015,19:49:38.0,38.4347452799,-78.8631022135,292,37607.36
3/4/2015,19:49:40.984,38.4347330729,-78.8630533854,276,5443.06
3/4/2015,19:49:43.0,38.4347249349,-78.8630208333,277,10149.23
3/4/2015,19:49:44.984,38.4347534180,-78.8630045573,271,5044.52
3/4/2015,19:49:47.0,38.4347493490,-78.8629720052,258,6111.31
3/4/2015,19:49:50.0,38.4347208659,-78.8629394531,265,7339.73
3/4/2015,19:49:52.0,38.4347005208,-78.8629231771,297,6077.93
3/4/2015,19:49:54.0,38.4346679688,-78.8628987630,346,2598.32
3/4/2015,19:49:56.984,38.4346232096,-78.8628906250,382,3324.35
3/4/2015,19:49:59.0,38.4345947266,-78.8628743490,298,1809.49
3/4/2015,19:50:0.984,38.4345703125,-78.8628662109,389,2865.73
3/4/2015,19:50:3.0,38.4345540365,-78.8628662109,265,6214.16
3/4/2015,19:50:6.0,38.4345214844,-78.8628580729,323,594.49
3/4/2015,19:50:8.0,38.4344970703,-78.8628743490,300,10917.57
3/4/2015,19:50:10.0,38.4344807943,-78.8628906250,359,1451.87
3/4/2015,19:50:12.984,38.4344197591,-78.8628987630,339,0.62
3/4/2015,19:50:15.0,38.4343994141,-78.8628906250,325,1524.47
3/4/2015,19:50:16.984,38.4343831380,-78.8628906250,305,3839.39
3/4/2015,19:50:20.0,38.4343790690,-78.8628824870,317,5099.88
3/4/2015,19:50:22.0,38.4343546549,-78.8628743490,316,4453.91
3/4/2015,19:50:24.0,38.4343465169,-78.8628662109,293,1238.87
3/4/2015,19:50:27.0,38.4343424479,-78.8628743490,251,0.62
3/4/2015,19:50:28.984,38.4343424479,-78.8628906250,237,0.62
3/4/2015,19:50:31.0,38.4342936198,-78.8628824870,246,0.62
3/4/2015,19:50:32.984,38.4342936198,-78.8628906250,275,6551.83
3/4/2015,17:44:39.0,38.4346191406,-78.8645670573,36,0.62
3/4/2015,17:44:40.984,38.4346272786,-78.8645914714,36,0.62
3/4/2015,17:44:43.0,38.4346354167,-78.8646240234,36,815.68
3/4/2015,17:44:44.984,38.4346516927,-78.8646402995,35,0.62
3/4/2015,17:44:48.0,38.4346638997,-78.8646891276,36,2785.28
3/4/2015,17:44:50.0,38.4346801758,-78.8647135417,36,0.62
3/4/2015,17:44:52.0,38.4346964518,-78.8647460938,36,0.62
3/4/2015,17:44:55.0,38.4347249349,-78.8647867839,36,0.62
3/4/2015,17:44:56.984,38.4347249349,-78.8648356120,36,0.62
3/4/2015,17:44:59.0,38.4347249349,-78.8648844401,36,0.62
3/4/2015,17:45:2.0,38.4347249349,-78.8649414062,36,0.62
3/4/2015,17:45:4.0,38.4347330729,-78.8649576823,36,0.62
3/4/2015,17:45:6.0,38.4347330729,-78.8649576823,36,3042.01
3/4/2015,17:45:8.0,38.4347371419,-78.8649495443,36,0.62
3/4/2015,17:45:11.0,38.4347330729,-78.8649495443,36,11809.47
3/4/2015,17:45:12.984,38.4347330729,-78.8649495443,36,17814.86
3/4/2015,17:45:15.0,38.4347493490,-78.8649820964,36,0.78
3/4/2015,17:45:18.0,38.4347737630,-78.8650309245,36,5675.59
3/4/2015,17:45:20.0,38.4347981771,-78.8650553385,36,0.62
3/4/2015,17:45:22.0,38.4348144531,-78.8650878906,36,8549.71
3/4/2015,17:45:24.984,38.4348347982,-78.8651367188,36,22865.66
3/4/2015,17:45:27.0,38.4348470052,-78.8651692708,38,22423.13
3/4/2015,17:45:28.984,38.4348551432,-78.8652018229,112,10453.77
3/4/2015,17:45:31.0,38.4348673503,-78.8652343750,109,519.31
3/4/2015,17:45:34.0,38.4348876953,-78.8652832031,111,5146.08
3/4/2015,17:45:36.0,38.4348958333,-78.8653076172,114,9156.5
3/4/2015,17:45:38.0,38.4348958333,-78.8653401693,117,2888.87
3/4/2015,17:45:40.984,38.4349121094,-78.8653889974,115,6470.98
3/4/2015,17:45:43.0,38.4349243164,-78.8654215495,118,15824.96
3/4/2015,17:45:44.984,38.4349405924,-78.8654459635,113,3692.14
3/4/2015,17:45:47.0,38.4349609375,-78.8654947917,117,5334.51
3/4/2015,17:45:48.984,38.4349772135,-78.8655354818,119,16891.6
3/4/2015,17:45:52.0,38.4349853516,-78.8656005859,114,16347.21
3/4/2015,17:45:54.0,38.4349975586,-78.8656331380,112,10591.89
3/4/2015,17:45:56.0,38.4350016276,-78.8656656901,38,9463.76
3/4/2015,17:45:59.0,38.4350056966,-78.8657307943,108,4803.31
3/4/2015,17:46:0.984,38.4350179036,-78.8657633464,106,3963.23
3/4/2015,17:46:3.0,38.4350219727,-78.8658040365,115,8188.4
3/4/2015,17:46:4.984,38.4350301107,-78.8658284505,119,4729.62
3/4/2015,17:46:8.0,38.4350545247,-78.8658691406,113,3037.98
3/4/2015,17:46:10.0,38.4350667318,-78.8658935547,121,13676.74
3/4/2015,17:46:12.0,38.4350870768,-78.8659261068,111,12518.85
3/4/2015,17:46:15.0,38.4351033529,-78.8659667969,120,22735.85
3/4/2015,17:46:16.984,38.4351155599,-78.8659993490,115,7996.01
3/4/2015,17:46:19.0,38.4351318359,-78.8660400391,111,3530.03
3/4/2015,17:46:20.984,38.4351603190,-78.8660644531,123,23815.67
3/4/2015,17:46:24.0,38.4351847331,-78.8661051432,132,23095.24
3/4/2015,17:46:26.0,38.4352050781,-78.8661295573,117,33609.12
3/4/2015,17:46:28.0,38.4352213542,-78.8661621094,152,6922.35
3/4/2015,17:46:31.0,38.4352335612,-78.8662190755,143,7752.6
3/4/2015,17:46:32.984,38.4352539062,-78.8662353516,146,35095.54
3/4/2015,17:46:35.0,38.4352742513,-78.8662760417,138,20430.16
3/4/2015,17:46:36.984,38.4352864583,-78.8663167318,138,36.33
3/4/2015,17:46:40.0,38.4353027344,-78.8663655599,164,13510.27
3/4/2015,17:46:42.0,38.4353108724,-78.8663981120,146,0.62
3/4/2015,17:46:44.0,38.4353230794,-78.8664306641,171,0.62
3/4/2015,17:46:47.0,38.4353149414,-78.8664876302,174,10609.16
3/4/2015,17:46:48.984,38.4353190104,-78.8665120443,152,58784.16
3/4/2015,17:46:52.0,38.4353434245,-78.8665690104,140,4225.8
3/4/2015,17:46:54.0,38.4353434245,-78.8666015625,129,7146.51
3/4/2015,17:46:56.0,38.4353434245,-78.8666503906,130,19485
3/4/2015,17:46:58.0,38.4353434245,-78.8666910807,129,7729.53
3/4/2015,17:47:0.984,38.4353393555,-78.8667561849,118,8160.27
3/4/2015,17:47:3.0,38.4353474935,-78.8668050130,112,31184.93
3/4/2015,17:47:4.984,38.4353597005,-78.8668294271,108,4030.11
3/4/2015,17:47:8.0,38.4354085286,-78.8668294271,112,8239.39
3/4/2015,17:47:10.0,38.4354410807,-78.8668294271,110,5702.38
3/4/2015,17:47:12.0,38.4354695638,-78.8668212891,110,12548.42
3/4/2015,17:47:14.0,38.4354899089,-78.8667968750,112,6688.88
3/4/2015,17:47:16.0,38.4355102539,-78.8667887370,111,26225.7
3/4/2015,17:47:19.0,38.4355509440,-78.8668050130,113,752
3/4/2015,17:47:20.984,38.4355794271,-78.8668294271,111,3799.47
3/4/2015,17:47:23.0,38.4355997721,-78.8668457031,105,4965.64
3/4/2015,17:47:26.0,38.4356363932,-78.8668701172,105,10997.05
3/4/2015,17:47:28.0,38.4356567383,-78.8668782552,108,592.38
3/4/2015,17:47:30.0,38.4356852214,-78.8669026693,119,20294.24
3/4/2015,17:47:32.0,38.4357137044,-78.8669189453,129,0.62
3/4/2015,17:47:35.0,38.4357381185,-78.8669352214,120,1780.49
3/4/2015,17:47:36.984,38.4357503255,-78.8669677734,123,9687.76
3/4/2015,17:47:39.0,38.4357666016,-78.8670003255,109,0.62
3/4/2015,17:47:42.0,38.4357950846,-78.8670491536,115,21043.53
3/4/2015,17:47:44.0,38.4358113607,-78.8670817057,117,32785.09
3/4/2015,17:47:46.0,38.4358235677,-78.8671061198,119,2317.12
3/4/2015,17:47:48.0,38.4358317057,-78.8671468099,118,1022.77
3/4/2015,17:47:51.0,38.4358479818,-78.8671956380,114,16157.07
3/4/2015,17:47:52.984,38.4358642578,-78.8672363281,109,0.62
3/4/2015,17:47:55.0,38.4358723958,-78.8672851562,109,13471.06
3/4/2015,17:47:58.0,38.4358846029,-78.8673502604,107,5479.97
3/4/2015,17:48:0.0,38.4358927409,-78.8673909505,110,2232.34
3/4/2015,17:48:2.0,38.4359090169,-78.8674235026,108,28369.02
3/4/2015,17:48:4.0,38.4359171549,-78.8674560547,104,31429.76
3/4/2015,17:48:7.0,38.4359252930,-78.8674967448,111,4082.35
3/4/2015,17:48:8.984,38.4359252930,-78.8675211589,111,1877.91
3/4/2015,17:48:11.0,38.4359171549,-78.8675455729,111,1115.62
3/4/2015,17:48:14.0,38.4359171549,-78.8676025391,114,24336.13
3/4/2015,17:48:16.0,38.4359130859,-78.8676513672,106,6920.73
3/4/2015,17:48:18.0,38.4359049479,-78.8676920573,113,11293.01
3/4/2015,17:48:20.0,38.4359049479,-78.8677327474,111,16773.44
3/4/2015,17:48:23.0,38.4359049479,-78.8677978516,111,5152.6
3/4/2015,17:48:24.984,38.4359049479,-78.8678304036,113,3773.81
3/4/2015,17:48:27.0,38.4359090169,-78.8678710938,113,0.62
3/4/2015,17:48:30.0,38.4359252930,-78.8679280599,112,0.62
3/4/2015,17:48:32.0,38.4359334310,-78.8679687500,109,4409.88
3/4/2015,17:48:34.0,38.4359415690,-78.8680013021,110,38724.4
3/4/2015,17:48:36.0,38.4359497070,-78.8680338542,108,19839.72
3/4/2015,17:48:39.0,38.4359619141,-78.8680826823,106,25495.07
3/4/2015,17:48:40.984,38.4359659831,-78.8681152344,101,21295.11
3/4/2015,17:48:43.0,38.4359741211,-78.8681477865,107,10820.16
3/4/2015,17:48:46.0,38.4359863281,-78.8681966146,109,3322.55
3/4/2015,17:48:48.0,38.4359903971,-78.8682373047,105,21728.74
3/4/2015,17:48:50.0,38.4359985352,-78.8682698568,107,24488.74
3/4/2015,17:48:52.984,38.4360148112,-78.8683186849,104,3051.82
3/4/2015,17:48:55.0,38.4360229492,-78.8683675130,106,31114.27
3/4/2015,17:48:56.984,38.4360432943,-78.8684082031,104,6383.3
3/4/2015,17:48:59.0,38.4360555013,-78.8684407552,103,1893.6
3/4/2015,17:49:2.0,38.4360514323,-78.8684895833,110,1813.07
3/4/2015,17:49:4.0,38.4360595703,-78.8685302734,107,10930.32
3/4/2015,17:49:6.0,38.4360799154,-78.8685628255,108,0.62
3/4/2015,17:49:8.0,38.4360961914,-78.8686035156,112,767.53
3/4/2015,17:49:11.0,38.4361165365,-78.8686523438,105,0.62
3/4/2015,17:49:12.984,38.4361206055,-78.8686848958,106,0.62
3/4/2015,17:49:15.0,38.4361328125,-78.8687174479,108,4426.46
3/4/2015,17:49:18.0,38.4361531576,-78.8687744141,105,3704.8
3/4/2015,17:49:20.0,38.4361653646,-78.8688151042,110,1199.42
3/4/2015,17:49:22.0,38.4361816406,-78.8688557943,112,2692.95
3/4/2015,17:49:24.984,38.4362101237,-78.8689046224,110,7314.48
3/4/2015,17:49:27.0,38.4362345378,-78.8689453125,108,1886.48
3/4/2015,17:49:28.984,38.4362467448,-78.8689697266,110,9909.03
3/4/2015,17:49:31.0,38.4362548828,-78.8689860026,112,0.62
3/4/2015,17:49:34.0,38.4362752279,-78.8690348307,110,0.62
3/4/2015,17:49:36.0,38.4362874349,-78.8690836589,116,4048.39
3/4/2015,17:49:38.0,38.4362955729,-78.8691162109,108,0.62
3/4/2015,17:49:40.984,38.4363159180,-78.8691487630,107,8592.42
3/4/2015,17:49:43.0,38.4363240560,-78.8691813151,106,5069.81
3/4/2015,17:49:44.984,38.4363444010,-78.8692138672,114,56627.05
3/4/2015,17:49:47.0,38.4363647461,-78.8692545573,109,0.62
3/4/2015,17:49:50.0,38.4363891602,-78.8693115234,114,33184.77
3/4/2015,17:49:52.0,38.4364054362,-78.8693359375,116,24940.23
3/4/2015,17:49:54.0,38.4364217122,-78.8693684896,109,60284.26
3/4/2015,17:49:56.984,38.4364501953,-78.8694173177,111,20445.07
3/4/2015,17:49:59.0,38.4364664714,-78.8694498698,117,0.62
3/4/2015,17:50:0.984,38.4364664714,-78.8694905599,125,4071.02
3/4/2015,17:50:3.0,38.4364827474,-78.8695231120,124,8066.51
3/4/2015,17:50:6.0,38.4365030924,-78.8695800781,119,20460.37
3/4/2015,17:50:8.0,38.4365193685,-78.8696126302,122,14088.06
3/4/2015,17:50:10.0,38.4365315755,-78.8696451823,112,21883.94
3/4/2015,17:50:12.984,38.4365600586,-78.8696940104,109,14736.57
3/4/2015,17:50:15.0,38.4365804036,-78.8697184245,110,25815.56
3/4/2015,17:50:16.984,38.4366007487,-78.8697428385,113,16580.94
3/4/2015,17:50:19.0,38.4366333008,-78.8697753906,109,32861.36
3/4/2015,17:50:22.0,38.4366617839,-78.8698160807,107,25269.34
3/4/2015,17:50:24.0,38.4366739909,-78.8698323568,104,5139.77
3/4/2015,17:50:26.0,38.4366902669,-78.8698649089,103,8814.9
3/4/2015,17:50:28.984,38.4367268880,-78.8698811849,123,514.16
3/4/2015,17:50:31.0,38.4367472331,-78.8698811849,108,11041.9
3/4/2015,17:50:32.984,38.4367797852,-78.8698893229,108,6981.83
3/4/2015,17:50:35.0,38.4368041992,-78.8699055990,112,14292.15
3/4/2015,17:50:38.0,38.4368448893,-78.8699137370,114,17223.25
3/4/2015,17:50:40.0,38.4368733724,-78.8699218750,109,0.62
3/4/2015,17:50:42.0,38.4368937174,-78.8699218750,108,0.62
3/4/2015,17:50:44.984,38.4369059245,-78.8699462891,121,0.62
3/4/2015,17:50:47.0,38.4369303385,-78.8699707031,118,2644.02
3/4/2015,17:50:48.984,38.4369506836,-78.8699951172,117,16505.09
3/4/2015,17:50:51.0,38.4369832357,-78.8700032552,114,17105.62
3/4/2015,17:50:54.0,38.4370279948,-78.8700032552,113,0.62
3/4/2015,17:50:56.0,38.4370646159,-78.8699951172,112,0.62
3/4/2015,17:50:58.0,38.4370930990,-78.8700032552,111,5039.2
3/4/2015,17:51:0.984,38.4371297201,-78.8699707031,106,40431.25
3/4/2015,17:51:3.0,38.4371459961,-78.8699300130,110,33964.54
3/4/2015,17:51:4.984,38.4371622721,-78.8698893229,118,13091.14
3/4/2015,17:51:7.0,38.4371826172,-78.8698649089,112,1543.64
3/4/2015,17:51:10.0,38.4372070312,-78.8698242188,115,9992.68
3/4/2015,17:51:12.0,38.4372192383,-78.8697998047,121,107482.84
3/4/2015,17:51:14.0,38.4372233073,-78.8697753906,117,9456.7
3/4/2015,17:51:16.984,38.4372355143,-78.8697265625,113,7050.86
3/4/2015,17:51:19.0,38.4372477214,-78.8696940104,106,4323.58
3/4/2015,17:51:20.984,38.4372599284,-78.8696533203,113,0.62
3/4/2015,17:51:23.0,38.4372721354,-78.8696126302,116,76179.03
3/4/2015,17:51:26.0,38.4372965495,-78.8695556641,113,5415.55
3/4/2015,17:51:28.0,38.4373087565,-78.8695231120,114,0.62
3/4/2015,17:51:30.0,38.4373209635,-78.8694905599,113,1708.35
3/4/2015,17:51:32.984,38.4373331706,-78.8694580078,113,0.62
3/4/2015,17:51:35.0,38.4373331706,-78.8694580078,112,19835.84
3/4/2015,17:51:36.984,38.4373372396,-78.8694417318,114,0.62
3/4/2015,17:51:39.0,38.4373535156,-78.8694417318,115,0.62
3/4/2015,17:51:42.0,38.4373738607,-78.8694417318,107,3654.08
3/4/2015,17:51:44.0,38.4373982747,-78.8694580078,110,5061.85
3/4/2015,17:51:46.0,38.4374226888,-78.8694742839,110,5838.06
3/4/2015,17:51:48.984,38.4374593099,-78.8694905599,108,15929.52
3/4/2015,17:51:51.0,38.4374837240,-78.8695068359,112,0.62
3/4/2015,17:51:52.984,38.4375081380,-78.8695312500,112,0.62
3/4/2015,17:51:55.0,38.4375406901,-78.8695312500,112,0.62
3/4/2015,17:51:58.0,38.4375732422,-78.8695638021,115,23472.84
3/4/2015,17:52:0.0,38.4376098633,-78.8695800781,113,21893.9
3/4/2015,17:52:2.0,38.4376505534,-78.8695963542,117,27150.07
3/4/2015,17:52:4.984,38.4376993815,-78.8696289062,116,19095.92
3/4/2015,17:52:7.0,38.4377237956,-78.8696370443,114,10499.92
3/4/2015,17:52:8.984,38.4377522786,-78.8696533203,114,8405.03
3/4/2015,17:52:11.0,38.4377766927,-78.8696777344,115,7356.8
3/4/2015,17:52:14.0,38.4378214518,-78.8697021484,110,18628.9
3/4/2015,17:52:16.0,38.4378458659,-78.8697102865,110,11736.74
3/4/2015,17:52:18.0,38.4378743490,-78.8697265625,106,0.62
3/4/2015,17:52:20.984,38.4379150391,-78.8697509766,109,31955.44
3/4/2015,17:52:23.0,38.4379435221,-78.8697509766,108,20776.26
3/4/2015,17:52:24.984,38.4379720052,-78.8697672526,111,22937.99
3/4/2015,17:52:27.0,38.4379964193,-78.8697753906,111,6081.63
3/4/2015,17:52:30.0,38.4380371094,-78.8697835286,110,5670.53
3/4/2015,17:52:32.0,38.4380655924,-78.8697916667,110,4535.88
3/4/2015,17:52:34.0,38.4381022135,-78.8697835286,111,0.62
3/4/2015,17:52:36.984,38.4381429036,-78.8697916667,110,3271.6
3/4/2015,17:52:39.0,38.4381673177,-78.8697998047,111,25999.32
3/4/2015,17:52:40.984,38.4381917318,-78.8698079427,109,5539.96
3/4/2015,17:52:44.0,38.4382283529,-78.8698242188,106,2824.87
3/4/2015,17:52:46.0,38.4382568359,-78.8698242188,110,29189.95
3/4/2015,17:52:48.0,38.4382771810,-78.8698323568,114,37444.88
3/4/2015,17:52:50.0,38.4383056641,-78.8698486328,111,2709.4
3/4/2015,17:52:52.984,38.4383463542,-78.8698730469,111,2432.83
3/4/2015,17:52:55.0,38.4383707682,-78.8698974609,111,2292.86
3/4/2015,17:52:56.984,38.4383911133,-78.8699300130,108,0.62
3/4/2015,17:53:0.0,38.4384155273,-78.8699625651,79,9373.71
3/4/2015,17:53:2.0,38.4384318034,-78.8699869792,111,0.62
3/4/2015,17:53:4.0,38.4384480794,-78.8699951172,110,8511.65
3/4/2015,17:53:6.0,38.4384684245,-78.8700113932,109,0.62
3/4/2015,17:53:8.984,38.4384887695,-78.8700520833,110,4492.09
3/4/2015,17:53:11.0,38.4385050456,-78.8700846354,113,21164.48
3/4/2015,17:53:12.984,38.4385131836,-78.8701090495,116,43746.46
3/4/2015,17:53:16.0,38.4385375977,-78.8701497396,116,11242.26
3/4/2015,17:53:18.0,38.4385538737,-78.8701741536,115,10615.34
3/4/2015,17:53:20.0,38.4385620117,-78.8702067057,112,7151.03
3/4/2015,17:53:22.0,38.4385742188,-78.8702311198,113,2854.47
3/4/2015,17:53:24.984,38.4385986328,-78.8702799479,112,0.62
3/4/2015,17:53:27.0,38.4386230469,-78.8703125000,109,0.62
3/4/2015,17:53:28.984,38.4386393229,-78.8703450521,113,0.62
3/4/2015,17:53:32.0,38.4386718750,-78.8703776042,114,10646.75
3/4/2015,17:53:34.0,38.4386881510,-78.8704020182,116,15820.31
3/4/2015,17:53:36.0,38.4387084961,-78.8704264323,115,5116.02
3/4/2015,17:53:38.0,38.4387207031,-78.8704589844,116,3273.75
3/4/2015,17:53:40.984,38.4387491862,-78.8704996745,114,47699.36
3/4/2015,17:53:43.0,38.4387736003,-78.8705322266,115,4870.64
3/4/2015,17:53:44.984,38.4387980143,-78.8705566406,118,18580.96
3/4/2015,17:53:48.0,38.4388264974,-78.8706054688,128,9992.57
3/4/2015,17:53:50.0,38.4388346354,-78.8706380208,129,9249.31
3/4/2015,17:53:52.0,38.4388427734,-78.8706624349,124,2864.93
3/4/2015,17:53:54.0,38.4388549805,-78.8706949870,121,480.17
3/4/2015,17:53:56.984,38.4388875326,-78.8707275391,128,8640.9
3/4/2015,17:53:59.0,38.4389200846,-78.8707438151,130,0.62
3/4/2015,17:54:0.984,38.4389567057,-78.8707600911,125,2662.05
3/4/2015,17:54:4.0,38.4390014648,-78.8707926432,118,5697.15
3/4/2015,17:54:6.0,38.4390096029,-78.8708251953,120,4715.88
3/4/2015,17:54:8.0,38.4390299479,-78.8708414714,117,9687.43
3/4/2015,17:54:10.0,38.4390421549,-78.8708658854,113,18880.09
3/4/2015,17:54:12.984,38.4390543620,-78.8708984375,118,26859.32
3/4/2015,17:54:15.0,38.4390543620,-78.8709228516,118,13914.41
3/4/2015,17:54:16.984,38.4390543620,-78.8709472656,115,3979.48
3/4/2015,17:54:20.0,38.4390584310,-78.8709879557,115,6288.4
3/4/2015,17:54:22.0,38.4390747070,-78.8710205078,113,6172.99
3/4/2015,17:54:24.0,38.4390828451,-78.8710530599,112,4815.3
3/4/2015,17:54:26.0,38.4390950521,-78.8710856120,120,12959.25
3/4/2015,17:54:28.984,38.4391113281,-78.8711181641,134,23114.96
3/4/2015,17:54:31.0,38.4391276042,-78.8711344401,138,10176.73
3/4/2015,17:54:32.984,38.4391398112,-78.8711425781,130,0.62
3/4/2015,17:54:36.0,38.4391682943,-78.8711669922,136,8032.57
3/4/2015,17:54:38.0,38.4391764323,-78.8712076823,145,5080.56
3/4/2015,17:54:40.0,38.4391845703,-78.8712320964,136,17476.1
3/4/2015,17:54:42.0,38.4392049154,-78.8712402344,130,1434.04
3/4/2015,17:54:44.984,38.4392252604,-78.8712483724,122,2587.02
3/4/2015,17:54:47.0,38.4392374674,-78.8712565104,118,0.62
3/4/2015,17:54:48.984,38.4392618815,-78.8712646484,111,3246.24
3/4/2015,17:54:52.0,38.4392903646,-78.8712727865,117,20039.01
3/4/2015,17:54:54.0,38.4393066406,-78.8713053385,123,20283.92
3/4/2015,17:54:56.0,38.4393269857,-78.8713297526,122,34741.97
3/4/2015,17:54:59.0,38.4393676758,-78.8713704427,122,0.62
3/4/2015,17:55:0.984,38.4393961589,-78.8713867188,121,30526.4
3/4/2015,17:55:3.0,38.4394165039,-78.8714111328,119,3433.89
3/4/2015,17:55:4.984,38.4394490560,-78.8714355469,121,11568.11
3/4/2015,17:55:8.0,38.4394897461,-78.8714680990,116,5892.18
3/4/2015,17:55:10.0,38.4395060221,-78.8714843750,115,10374.17
3/4/2015,17:55:12.0,38.4395263672,-78.8715087891,124,10787.09
3/4/2015,17:55:15.0,38.4395711263,-78.8715413411,146,8521.72
3/4/2015,17:55:16.984,38.4395833333,-78.8715576172,183,31256.29
3/4/2015,17:55:19.0,38.4396118164,-78.8715494792,193,13750.33
3/4/2015,17:55:20.984,38.4396362305,-78.8715820312,178,752.56
3/4/2015,17:55:24.0,38.4396647135,-78.8716145833,160,14627.58
3/4/2015,17:55:26.0,38.4396850586,-78.8716389974,144,0.62
3/4/2015,17:55:28.0,38.4397094727,-78.8716471354,136,8931.69
3/4/2015,17:55:31.0,38.4397542318,-78.8716715495,138,16638.05
3/4/2015,17:55:32.984,38.4397827148,-78.8717041016,121,0.62
3/4/2015,17:55:35.0,38.4398071289,-78.8717366536,121,10286.07
3/4/2015,17:55:36.984,38.4398234049,-78.8717610677,140,1962.61
3/4/2015,17:55:40.0,38.4398437500,-78.8717854818,166,6182.59
3/4/2015,17:55:42.0,38.4398640951,-78.8718098958,149,1913.18
3/4/2015,17:55:44.0,38.4398803711,-78.8718343099,143,2157.08
3/4/2015,17:55:47.0,38.4399129232,-78.8718831380,141,32899.95
3/4/2015,17:55:48.984,38.4399332682,-78.8719156901,132,7668.13
3/4/2015,17:55:51.0,38.4399536133,-78.8719401042,135,1882.3
3/4/2015,17:55:52.984,38.4399739583,-78.8719726562,133,9087.98
3/4/2015,17:55:56.0,38.4400024414,-78.8720133464,141,6677.64
3/4/2015,17:55:58.0,38.4400187174,-78.8720458984,135,532.31
3/4/2015,17:56:0.0,38.4400431315,-78.8720784505,125,5243.76
3/4/2015,17:56:3.0,38.4400716146,-78.8721354167,118,17408.46
3/4/2015,17:56:4.984,38.4400675456,-78.8721679688,121,4932.33
3/4/2015,17:56:7.0,38.4400512695,-78.8722086589,119,0.62
3/4/2015,17:56:8.984,38.4400187174,-78.8722493490,121,3449.57
3/4/2015,17:56:12.0,38.4400268555,-78.8723063151,127,16808.8
3/4/2015,17:56:14.0,38.4400472005,-78.8723388672,122,0.62
3/4/2015,17:56:16.0,38.4400797526,-78.8723632812,121,898.21
3/4/2015,17:56:19.0,38.4401163737,-78.8723795573,120,13611.73
3/4/2015,17:56:20.984,38.4401407878,-78.8723876953,114,6974.22
3/4/2015,17:56:23.0,38.4401529948,-78.8724039714,116,12714.72
3/4/2015,17:56:24.984,38.4401733398,-78.8724283854,116,15921.74
3/4/2015,17:56:28.0,38.4402018229,-78.8724690755,114,2765.6
3/4/2015,17:56:30.0,38.4402180990,-78.8725016276,113,7118.06
3/4/2015,17:56:32.0,38.4402343750,-78.8725423177,116,380.69
3/4/2015,17:56:35.0,38.4402669271,-78.8725911458,115,2516.35
3/4/2015,17:56:36.984,38.4402750651,-78.8726236979,120,5156.55
3/4/2015,17:56:39.0,38.4402832031,-78.8726481120,133,2752.44
3/4/2015,17:56:40.984,38.4402913411,-78.8726806641,136,2285.98
3/4/2015,17:56:44.0,38.4403157552,-78.8727132161,141,30652.73
3/4/2015,17:56:46.0,38.4403361003,-78.8727457682,144,27179.2
3/4/2015,17:56:48.0,38.4403605143,-78.8727783203,145,2755.8
3/4/2015,17:56:51.0,38.4403686523,-78.8728271484,126,27735.45
3/4/2015,17:56:52.984,38.4403889974,-78.8728678385,129,942.2
3/4/2015,17:56:55.0,38.4404012044,-78.8729003906,123,11512.05
3/4/2015,17:56:58.0,38.4404256185,-78.8729410807,118,0.62
3/4/2015,17:57:0.0,38.4404337565,-78.8729654948,119,5700.1
3/4/2015,17:57:2.0,38.4404500326,-78.8729899089,124,8881.36
3/4/2015,17:57:4.0,38.4404581706,-78.8730305990,124,755.71
3/4/2015,17:57:7.0,38.4404622396,-78.8730794271,125,6974.91
3/4/2015,17:57:8.984,38.4404581706,-78.8730957031,94,1166.35
3/4/2015,17:57:11.0,38.4404459635,-78.8731119792,135,0.62
3/4/2015,17:57:14.0,38.4404215495,-78.8731445312,77,17959.29
3/4/2015,17:57:16.0,38.4404093424,-78.8731608073,142,4457.79
3/4/2015,17:57:18.0,38.4403849284,-78.8731770833,150,2128.67
3/4/2015,17:57:20.0,38.4403564453,-78.8731852214,135,8750.89
3/4/2015,17:57:23.0,38.4403198242,-78.8732259115,129,2628.79
3/4/2015,17:57:24.984,38.4402913411,-78.8732584635,129,6590.8
3/4/2015,17:57:27.0,38.4402628581,-78.8732828776,155,12663.67
3/4/2015,17:57:30.0,38.4402180990,-78.8733072917,136,10595.66
3/4/2015,17:57:32.0,38.4401977539,-78.8733235677,147,9610.01
3/4/2015,17:57:34.0,38.4401733398,-78.8733479818,163,5122.38
3/4/2015,17:57:36.0,38.4401367188,-78.8733805339,208,17811.13
3/4/2015,17:57:39.0,38.4401082357,-78.8734212240,187,4029.92
3/4/2015,17:57:40.984,38.4400797526,-78.8734537760,157,11102.87
3/4/2015,17:57:43.0,38.4400512695,-78.8734781901,146,16489.09
3/4/2015,17:57:46.0,38.4400268555,-78.8734863281,146,0.62
3/4/2015,17:57:48.0,38.4400065104,-78.8735026042,142,15360.44
3/4/2015,17:57:50.0,38.4399902344,-78.8735188802,134,3156.3
3/4/2015,17:57:52.0,38.4399658203,-78.8735270182,131,0.62
3/4/2015,17:57:55.0,38.4399210612,-78.8735432943,134,3518.25
3/4/2015,17:57:56.984,38.4399007161,-78.8735677083,123,3381.03
2/4/2015,20:8:7.0,38.4317423503,-78.8623209635,203,0.62
2/4/2015,20:8:8.984,38.4317097982,-78.8623616536,28,0.62
2/4/2015,20:8:12.0,38.4316935221,-78.8623616536,124,0.62
2/4/2015,20:8:14.0,38.4316813151,-78.8623535156,89,0.62
2/4/2015,20:8:16.0,38.4316691081,-78.8623535156,141,0.62
2/4/2015,20:8:19.0,38.4316446940,-78.8623616536,151,0.62
2/4/2015,20:8:20.984,38.4316284180,-78.8623697917,137,6350.49
2/4/2015,20:8:23.0,38.4316243490,-78.8623616536,138,1790.56
2/4/2015,20:8:24.984,38.4316121419,-78.8623616536,126,0.62
2/4/2015,20:8:27.0,38.4316121419,-78.8623616536,134,0.62
2/4/2015,20:8:30.0,38.4315999349,-78.8623616536,139,0.62
2/4/2015,20:8:32.0,38.4315958659,-78.8623616536,172,0.62
2/4/2015,20:8:34.0,38.4315917969,-78.8623616536,112,0.62
2/4/2015,20:8:36.984,38.4315633138,-78.8623535156,32,0.62
2/4/2015,20:8:39.0,38.4315551758,-78.8623535156,100,0.62
2/4/2015,20:8:40.984,38.4315470378,-78.8623535156,110,0.62
2/4/2015,20:8:43.0,38.4315592448,-78.8623372396,255,0.62
2/4/2015,20:8:46.0,38.4315633138,-78.8623209635,265,0.62
2/4/2015,20:8:48.0,38.4315917969,-78.8622721354,60,0.62
2/4/2015,20:8:50.0,38.4316446940,-78.8621744792,147,0.62
2/4/2015,20:8:52.984,38.4317545573,-78.8620035807,141,0.62
2/4/2015,20:8:55.0,38.4329833984,-78.8616210938,123,0.62
2/4/2015,20:8:56.984,38.4332153320,-78.8615152995,123,0.62
2/4/2015,20:8:59.0,38.4332763672,-78.8614664714,124,0.62
2/4/2015,20:9:2.0,38.4332845052,-78.8614257812,243,0.62
2/4/2015,20:9:4.0,38.4332885742,-78.8613606771,98,0.62
2/4/2015,20:9:6.0,38.4333007812,-78.8613037109,232,2832.55
2/4/2015,20:9:8.984,38.4333007812,-78.8612223307,221,3401.75
2/4/2015,20:9:11.0,38.4333007812,-78.8611735026,69,3449.93
2/4/2015,20:9:12.984,38.4333048503,-78.8611246745,0,3084.65
2/4/2015,20:9:15.0,38.4333129883,-78.8610921224,261,0.62
2/4/2015,20:9:18.0,38.4333211263,-78.8610270182,87,0.62
2/4/2015,20:9:20.0,38.4333251953,-78.8609781901,140,0.62
2/4/2015,20:9:22.0,38.4333292643,-78.8609293620,127,0.62
2/4/2015,20:9:24.984,38.4333374023,-78.8608723958,61,0.62
2/4/2015,20:9:27.0,38.4333455404,-78.8608317057,182,0.62
2/4/2015,20:9:28.984,38.4333536784,-78.8607828776,83,0.62
2/4/2015,20:9:32.0,38.4333577474,-78.8607177734,139,0.62
2/4/2015,20:9:34.0,38.4333618164,-78.8606689453,120,0.62
2/4/2015,20:9:36.0,38.4333658854,-78.8606282552,65,0.62
2/4/2015,20:9:39.0,38.4333699544,-78.8605631510,38,0.62
2/4/2015,20:9:40.984,38.4333740234,-78.8605224609,97,2341.05
2/4/2015,20:9:43.0,38.4333943685,-78.8604654948,134,0.62
2/4/2015,20:9:46.0,38.4333943685,-78.8604329427,121,0.62
2/4/2015,20:9:48.0,38.4334187826,-78.8604085286,116,5702.22
2/4/2015,20:9:50.0,38.4334350586,-78.8603841146,108,3671.7
2/4/2015,20:9:52.0,38.4334472656,-78.8603597005,104,0.62
2/4/2015,20:9:55.0,38.4334838867,-78.8603271484,101,0.62
2/4/2015,20:9:56.984,38.4335083008,-78.8602945964,132,0.62
2/4/2015,20:9:59.0,38.4335367839,-78.8602945964,122,0.62
2/4/2015,20:10:2.0,38.4335530599,-78.8602864583,125,0.62
2/4/2015,20:10:4.0,38.4335734049,-78.8602864583,92,0.62
2/4/2015,20:10:6.0,38.4335937500,-78.8602783203,115,0.62
2/4/2015,20:10:8.984,38.4336181641,-78.8602620443,113,0.62
2/4/2015,20:10:11.0,38.4336385091,-78.8602539062,114,3121.21
2/4/2015,20:10:12.984,38.4336629232,-78.8602457682,115,0.62
2/4/2015,20:10:15.0,38.4336873372,-78.8602457682,125,0.62
2/4/2015,20:10:18.0,38.4337198893,-78.8602376302,130,0.62
2/4/2015,20:10:20.0,38.4337443034,-78.8602213542,113,0.62
2/4/2015,20:10:22.0,38.4337646484,-78.8602132161,113,0.62
2/4/2015,20:10:24.984,38.4338012695,-78.8602050781,113,0.62
2/4/2015,20:10:27.0,38.4338175456,-78.8601969401,110,0.62
2/4/2015,20:10:28.984,38.4338460286,-78.8601725260,94,0.62
2/4/2015,20:10:32.0,38.4338745117,-78.8601562500,113,0.62
2/4/2015,20:10:34.0,38.4338948568,-78.8601399740,125,2927.01
2/4/2015,20:10:36.0,38.4339233398,-78.8601318359,121,4372.87
2/4/2015,20:10:38.0,38.4339518229,-78.8601236979,112,1278.36
2/4/2015,20:10:40.984,38.4339803060,-78.8601318359,112,3415.03
2/4/2015,20:10:43.0,38.4340006510,-78.8601399740,120,394.16
2/4/2015,20:10:44.984,38.4340209961,-78.8601481120,147,0.62
2/4/2015,20:10:48.0,38.4340332031,-78.8601562500,147,0.62
2/4/2015,20:10:50.0,38.4340454102,-78.8601806641,132,0.62
2/4/2015,20:10:52.0,38.4340576172,-78.8602294922,137,0.62
2/4/2015,20:10:55.0,38.4340942383,-78.8602376302,131,0.62
2/4/2015,20:10:56.984,38.4341186523,-78.8602539062,127,0.62
2/4/2015,20:10:59.0,38.4341308594,-78.8602620443,112,0.62
2/4/2015,20:11:0.984,38.4341430664,-78.8602783203,116,0.62
2/4/2015,20:11:4.0,38.4341471354,-78.8602945964,116,0.62
2/4/2015,20:11:6.0,38.4341512044,-78.8603108724,116,3811.06
2/4/2015,20:11:8.0,38.4341471354,-78.8603027344,122,0.62
2/4/2015,20:11:11.0,38.4341512044,-78.8602945964,122,0.62
2/4/2015,20:11:12.984,38.4341634115,-78.8602945964,118,0.62
2/4/2015,20:11:15.0,38.4341634115,-78.8602783203,116,0.62
2/4/2015,20:11:18.0,38.4341512044,-78.8602376302,124,0.62
2/4/2015,20:11:20.0,38.4341430664,-78.8601969401,112,0.62
2/4/2015,20:11:22.0,38.4341430664,-78.8601806641,118,0.62
2/4/2015,20:11:24.0,38.4341430664,-78.8601481120,132,3849.9
2/4/2015,20:11:27.0,38.4341634115,-78.8601236979,145,1711.96
2/4/2015,20:11:28.984,38.4341959635,-78.8601399740,124,0.62
2/4/2015,20:11:31.0,38.4342244466,-78.8601318359,107,0.62
2/4/2015,20:11:34.0,38.4342569987,-78.8601236979,128,3338.61
2/4/2015,20:11:36.0,38.4342814128,-78.8601155599,115,2071.57
2/4/2015,20:11:38.0,38.4343098958,-78.8601155599,111,3753.33
2/4/2015,20:11:40.984,38.4343465169,-78.8601155599,127,2200.12
2/4/2015,20:11:43.0,38.4343668620,-78.8601318359,132,4446.82
2/4/2015,20:11:44.984,38.4343790690,-78.8601562500,119,0.62
2/4/2015,20:11:47.0,38.4343831380,-78.8601969401,135,0.62
2/4/2015,20:11:48.984,38.4343831380,-78.8602376302,119,0.62
2/4/2015,20:11:52.0,38.4343872070,-78.8602945964,86,0.62
2/4/2015,20:11:54.0,38.4343912760,-78.8603352865,157,891.18
2/4/2015,20:11:56.0,38.4343994141,-78.8603678385,116,0.62
2/4/2015,20:11:59.0,38.4343994141,-78.8604085286,241,3848.01
2/4/2015,20:12:0.984,38.4343953451,-78.8604410807,115,8495.34
2/4/2015,20:12:3.0,38.4343831380,-78.8604899089,107,0.62
2/4/2015,20:12:4.984,38.4343668620,-78.8605061849,57,0.62
2/4/2015,20:12:8.0,38.4343546549,-78.8605061849,100,0.62
2/4/2015,20:12:10.0,38.4343546549,-78.8604980469,95,0.62
2/4/2015,20:12:12.0,38.4343465169,-78.8604899089,118,0.62
2/4/2015,20:12:15.0,38.4343424479,-78.8604899089,115,0.62
2/4/2015,20:12:16.984,38.4343343099,-78.8604899089,120,0.62
2/4/2015,20:12:19.0,38.4343383789,-78.8604899089,96,0.62
2/4/2015,20:12:20.984,38.4343383789,-78.8604817708,147,0.62
2/4/2015,20:12:24.0,38.4343383789,-78.8604817708,71,0.62
2/4/2015,20:12:26.0,38.4343343099,-78.8604817708,129,19793.08
2/4/2015,20:12:28.0,38.4343343099,-78.8604817708,104,8606.89
2/4/2015,20:12:31.0,38.4343343099,-78.8604817708,137,10297.71
2/4/2015,20:12:36.984,38.4343383789,-78.8604736328,115,0.62
2/4/2015,20:14:28.0,38.4341430664,-78.8603027344,192,0.62
2/4/2015,20:14:31.0,38.4341308594,-78.8602294922,202,0.62
2/4/2015,20:14:32.984,38.4341389974,-78.8601969401,79,0.62
2/4/2015,20:14:35.0,38.4341267904,-78.8601562500,157,0.62
2/4/2015,20:14:38.0,38.4341145833,-78.8600911458,174,0.62
2/4/2015,20:14:40.0,38.4341308594,-78.8600585938,206,0.62
2/4/2015,20:14:42.0,38.4341389974,-78.8600179036,215,0.62
2/4/2015,20:14:44.0,38.4341552734,-78.8599853516,169,0.62
2/4/2015,20:14:47.0,38.4341756185,-78.8599365234,146,0.62
2/4/2015,20:14:48.984,38.4341918945,-78.8599121094,186,0.62
2/4/2015,20:14:51.0,38.4342041016,-78.8598714193,215,0.62
2/4/2015,20:14:54.0,38.4342244466,-78.8598144531,186,0.62
2/4/2015,20:14:56.0,38.4342366536,-78.8597737630,201,0.62
2/4/2015,20:14:58.0,38.4342529297,-78.8597493490,208,0.62
2/4/2015,20:15:0.0,38.4342692057,-78.8597167969,154,0.62
2/4/2015,20:15:3.0,38.4342814128,-78.8596598307,130,0.62
2/4/2015,20:15:4.984,38.4342936198,-78.8596272786,130,0.62
2/4/2015,20:15:7.0,38.4343098958,-78.8595947266,139,0.62
2/4/2015,20:15:8.984,38.4343180339,-78.8595540365,161,0.62
2/4/2015,20:15:12.0,38.4343302409,-78.8595052083,149,0.62
2/4/2015,20:15:14.0,38.4343465169,-78.8594726562,154,0.62
2/4/2015,20:15:16.0,38.4343587240,-78.8594482422,223,0.62
2/4/2015,20:15:19.0,38.4343790690,-78.8593994141,41,2276.04
2/4/2015,20:15:20.984,38.4343831380,-78.8593668620,83,4019.03
2/4/2015,20:15:23.0,38.4343790690,-78.8593343099,109,36.27
2/4/2015,20:15:26.0,38.4343790690,-78.8592773438,37,27.55
2/4/2015,20:15:28.0,38.4343750000,-78.8592447917,120,26.71
2/4/2015,20:15:30.0,38.4343750000,-78.8592041016,111,28.95
2/4/2015,20:15:32.0,38.4343709310,-78.8591715495,175,36.17
2/4/2015,20:15:35.0,38.4343750000,-78.8591064453,162,0.62
2/4/2015,20:15:36.984,38.4343750000,-78.8590738932,208,0.62
2/4/2015,20:15:39.0,38.4343750000,-78.8590413411,169,35.6
2/4/2015,20:15:42.0,38.4343790690,-78.8589925130,76,0.62
2/4/2015,20:15:44.0,38.4343750000,-78.8589518229,74,2678.96
2/4/2015,20:15:46.0,38.4343709310,-78.8589111328,85,3602.74
2/4/2015,20:15:48.0,38.4343709310,-78.8588704427,64,3599.06
2/4/2015,20:15:51.0,38.4343668620,-78.8588053385,191,3161.79
2/4/2015,20:15:52.984,38.4343668620,-78.8587646484,226,2268.24
2/4/2015,20:15:55.0,38.4343627930,-78.8587320964,198,3269.63
2/4/2015,20:15:58.0,38.4343587240,-78.8586751302,230,0.62
2/4/2015,20:16:0.0,38.4343587240,-78.8586425781,134,0.62
2/4/2015,20:16:2.0,38.4343668620,-78.8586018880,62,2252.77
2/4/2015,20:16:4.984,38.4343709310,-78.8585449219,119,1294.37
2/4/2015,20:16:7.0,38.4343790690,-78.8585042318,66,871.5
2/4/2015,20:16:8.984,38.4343790690,-78.8584635417,104,2972.58
2/4/2015,20:16:11.0,38.4343872070,-78.8584147135,139,0.62
2/4/2015,20:16:14.0,38.4344278971,-78.8583496094,166,0.62
2/4/2015,20:16:16.0,38.4344278971,-78.8583170573,62,4645.08
2/4/2015,20:16:18.0,38.4344401042,-78.8582682292,159,0.62
2/4/2015,20:16:20.984,38.4344360352,-78.8582112630,90,0.62
2/4/2015,20:16:23.0,38.4344278971,-78.8581705729,136,0.62
2/4/2015,20:16:24.984,38.4344238281,-78.8581298828,71,0.62
2/4/2015,20:16:27.0,38.4344034831,-78.8580973307,109,0.62
2/4/2015,20:16:30.0,38.4344034831,-78.8580403646,141,0.62
2/4/2015,20:16:32.0,38.4343831380,-78.8579996745,117,0.62
2/4/2015,20:16:34.0,38.4343872070,-78.8579671224,155,0.62
2/4/2015,20:16:36.984,38.4343831380,-78.8579101562,124,2944.76
2/4/2015,20:16:39.0,38.4343790690,-78.8578776042,107,0.62
2/4/2015,20:16:40.984,38.4343139648,-78.8578613281,131,0.62
2/4/2015,20:16:43.0,38.4342854818,-78.8578369141,132,0.62
2/4/2015,20:16:46.0,38.4342610677,-78.8578043620,121,0.62
2/4/2015,20:16:48.0,38.4342407227,-78.8577799479,140,3115.04
2/4/2015,20:16:50.0,38.4342041016,-78.8577799479,190,0.62
2/4/2015,20:16:52.984,38.4341715495,-78.8577799479,217,0.62
2/4/2015,20:16:55.0,38.4341674805,-78.8578287760,206,0.62
2/4/2015,20:16:56.984,38.4341512044,-78.8578287760,213,0.62
2/4/2015,20:16:59.0,38.4341267904,-78.8578043620,200,0.62
2/4/2015,20:17:2.0,38.4340901693,-78.8577880859,224,0.62
2/4/2015,20:17:4.0,38.4340738932,-78.8578043620,236,0.62
2/4/2015,20:17:6.0,38.4340454102,-78.8577880859,254,4039.21
2/4/2015,20:17:8.984,38.4340128581,-78.8577718099,296,0.62
2/4/2015,20:17:11.0,38.4339843750,-78.8577718099,291,0.62
2/4/2015,20:17:12.984,38.4339599609,-78.8577799479,217,2199.85
2/4/2015,20:17:15.0,38.4339314779,-78.8577718099,192,0.62
2/4/2015,20:17:18.0,38.4338826497,-78.8577718099,220,0.62
2/4/2015,20:17:20.0,38.4338460286,-78.8577880859,187,0.62
2/4/2015,20:17:22.0,38.4338094076,-78.8577880859,197,0.62
2/4/2015,20:17:24.984,38.4337524414,-78.8577799479,154,0.62
2/4/2015,20:17:27.0,38.4337198893,-78.8577799479,175,1488.83
2/4/2015,20:17:28.984,38.4336832682,-78.8577880859,186,0.62
2/4/2015,20:17:32.0,38.4336303711,-78.8577880859,187,4035.43
2/4/2015,20:17:34.0,38.4336100260,-78.8577636719,253,0.62
2/4/2015,20:17:36.0,38.4335937500,-78.8577148438,42,0.62
2/4/2015,20:17:38.0,38.4335815430,-78.8576660156,132,0.62
2/4/2015,20:17:40.984,38.4335611979,-78.8576090495,145,0.62
2/4/2015,20:17:43.0,38.4335449219,-78.8575683594,188,0.62
2/4/2015,20:17:44.984,38.4335164388,-78.8575358073,215,0.62
2/4/2015,20:17:48.0,38.4334838867,-78.8574951172,186,0.62
2/4/2015,20:17:50.0,38.4334635417,-78.8574625651,218,0.62
2/4/2015,20:17:52.0,38.4334513346,-78.8574300130,112,0.62
2/4/2015,20:17:54.0,38.4334350586,-78.8573893229,171,0.62
2/4/2015,20:17:56.984,38.4334147135,-78.8573404948,212,0.62
2/4/2015,20:17:59.0,38.4334025065,-78.8573160807,256,0.62
2/4/2015,20:18:0.984,38.4333943685,-78.8572753906,217,0.62
2/4/2015,20:18:4.0,38.4333821615,-78.8572184245,195,0.62
2/4/2015,20:18:6.0,38.4333699544,-78.8571777344,216,0.62
2/4/2015,20:18:8.0,38.4333577474,-78.8571370443,267,7520.06
2/4/2015,20:18:10.0,38.4333414714,-78.8571126302,277,0.62
2/4/2015,20:18:12.984,38.4333170573,-78.8570556641,306,0.62
2/4/2015,20:18:15.0,38.4333007812,-78.8570231120,273,0.62
2/4/2015,20:18:16.984,38.4332885742,-78.8569824219,237,0.62
2/4/2015,20:18:20.0,38.4332641602,-78.8569335938,229,3623.17
2/4/2015,20:18:22.0,38.4332519531,-78.8569010417,213,0.62
2/4/2015,20:18:24.0,38.4332356771,-78.8568684896,250,0.62
2/4/2015,20:18:26.0,38.4332194010,-78.8568359375,264,0.62
2/4/2015,20:18:28.984,38.4332031250,-78.8567871094,263,0.62
2/4/2015,20:18:31.0,38.4331949870,-78.8567464193,224,0.62
2/4/2015,20:18:34.0,38.4331746419,-78.8567057292,188,0.62
2/4/2015,20:18:36.0,38.4331583659,-78.8566731771,160,0.62
2/4/2015,20:18:38.0,38.4331502279,-78.8566487630,192,0.62
2/4/2015,20:18:40.984,38.4331380208,-78.8565999349,254,0.62
2/4/2015,20:18:43.0,38.4331298828,-78.8565673828,236,0.62
2/4/2015,20:18:44.984,38.4331217448,-78.8565348307,273,0.62
2/4/2015,20:18:48.0,38.4331013997,-78.8564860026,281,0.62
2/4/2015,20:18:50.0,38.4330851237,-78.8564534505,327,0.62
2/4/2015,20:18:52.0,38.4330769857,-78.8564127604,357,0.62
2/4/2015,20:18:55.0,38.4330688477,-78.8563639323,376,0.62
2/4/2015,20:18:56.984,38.4330647786,-78.8563313802,344,0.62
2/4/2015,20:18:59.0,38.4330647786,-78.8562988281,299,0.62
2/4/2015,20:19:0.984,38.4330647786,-78.8562581380,328,0.62
2/4/2015,20:19:4.0,38.4330729167,-78.8562011719,334,0.62
2/4/2015,20:19:6.0,38.4330769857,-78.8561686198,150,0.62
2/4/2015,20:19:8.0,38.4330851237,-78.8561360677,164,0.62
2/4/2015,20:19:10.0,38.4330932617,-78.8561035156,242,0.62
2/4/2015,20:19:12.984,38.4331054688,-78.8560546875,270,0.62
2/4/2015,20:19:15.0,38.4331217448,-78.8560221354,265,1116.5
2/4/2015,20:19:16.984,38.4331339518,-78.8559895833,236,0.62
2/4/2015,20:19:19.0,38.4331420898,-78.8559570312,195,0.62
2/4/2015,20:19:22.0,38.4331665039,-78.8559082031,289,0.62
2/4/2015,20:19:24.0,38.4331827799,-78.8558837891,222,0.62
2/4/2015,20:19:26.0,38.4332031250,-78.8558512370,129,0.62
2/4/2015,20:19:28.984,38.4332275391,-78.8558186849,200,0.62
2/4/2015,20:19:31.0,38.4332438151,-78.8557942708,220,0.62
2/4/2015,20:19:32.984,38.4332600911,-78.8557698568,18,0.62
2/4/2015,20:19:36.0,38.4332885742,-78.8557373047,16,0.62
2/4/2015,20:19:38.0,38.4333089193,-78.8557210286,80,0.62
2/4/2015,20:19:40.0,38.4333333333,-78.8557047526,204,0.62
2/4/2015,20:19:42.0,38.4333496094,-78.8556966146,202,0.62
2/4/2015,20:19:44.984,38.4333862305,-78.8556640625,107,0.62
2/4/2015,20:19:47.0,38.4334065755,-78.8556559245,109,0.62
2/4/2015,20:19:48.984,38.4334350586,-78.8556477865,7,0.62
2/4/2015,20:19:52.0,38.4334757487,-78.8556396484,59,0.62
2/4/2015,20:19:54.0,38.4335001628,-78.8556233724,180,0.62
2/4/2015,20:19:56.0,38.4335245768,-78.8556070964,164,722.49
2/4/2015,20:19:58.0,38.4335489909,-78.8556070964,159,3063.8
2/4/2015,20:20:0.984,38.4335856120,-78.8556152344,167,1328.3
2/4/2015,20:20:3.0,38.4336100260,-78.8556152344,167,0.62
2/4/2015,20:20:4.984,38.4336222331,-78.8556070964,175,1123.25
2/4/2015,20:20:8.0,38.4336629232,-78.8555826823,202,0.62
2/4/2015,20:20:10.0,38.4336914062,-78.8555745443,209,0.62
2/4/2015,20:20:12.0,38.4337158203,-78.8555582682,184,0.62
2/4/2015,20:20:14.0,38.4337402344,-78.8555501302,191,1688.35
2/4/2015,20:20:16.984,38.4337849935,-78.8555338542,243,0.72
2/4/2015,20:20:19.0,38.4338134766,-78.8555338542,226,0.62
2/4/2015,20:20:20.984,38.4338419596,-78.8555175781,233,0.62
2/4/2015,20:20:24.0,38.4338826497,-78.8555013021,254,0.62
2/4/2015,20:20:26.0,38.4339070638,-78.8554850260,259,10.19
2/4/2015,20:20:28.0,38.4339314779,-78.8554768880,253,8.84
2/4/2015,20:20:31.0,38.4339680990,-78.8554606120,228,0.62
2/4/2015,20:20:32.984,38.4339965820,-78.8554443359,265,0.62
2/4/2015,20:20:35.0,38.4340209961,-78.8554361979,280,0.62
2/4/2015,20:20:38.0,38.4340576172,-78.8554117839,271,0.62
2/4/2015,20:20:40.0,38.4340820312,-78.8554036458,275,544.27
2/4/2015,20:20:42.0,38.4341105143,-78.8553955078,296,0.62
2/4/2015,20:20:44.0,38.4341389974,-78.8553792318,281,0.62
2/4/2015,20:20:47.0,38.4341715495,-78.8553629557,297,0.62
2/4/2015,20:20:48.984,38.4342000326,-78.8553385417,305,0.62
2/4/2015,20:20:51.0,38.4342203776,-78.8553222656,321,0.62
